Workbook

Sheet Contents
B4: Deaths in Australia web report
B5: Released 09 April 2025
B6: Supplementary tables
B8: Contents
B9: ='Table S2.1'!A1 -> Table S2.1: Deaths by sex and age group, 2023
B10: ='Table S2.2'!A1 -> Table S2.2: Child deaths (aged 0–4), number, per cent of all deaths and rates (per 100,000 population), by sex, 1907–2023
B11: ='Table S2.3'!A1 -> Table S2.3: Potential years of life lost before age 75, number and rate, by sex, 1907–2023
B12: ='Table S3.1'!A1 -> Table S3.1: Leading underlying causes of death, number, per cent of all deaths and age-standardised death rates, by sex, 2023
B13: ='Table S3.2'!A1 -> Table S3.2: Leading underlying causes of death, number, per cent of all deaths and age-specific rates, by sex and age group, 2023
B14: ='Table S4.1'!A1 -> Table S4.1: Deaths due to COVID-19, number and age-specific rates, by age and sex, 2023
B15: ='Table S5.1'!A1 -> Table S5.1: Potentially avoidable deaths (among people aged under 75), numbers, per cent and rates, by sex, 1997–2023
B16: ='Table S5.2'!A1 -> Table S5.2: Potentially avoidable causes of death (among people aged under 75), number, per cent and rates (deaths per 100,000 population), by sex and broad cause groups, 2023
B17: ='Table S5.3'!A1 -> Table S5.3: Leading potentially avoidable deaths (among people aged under 75), number, per cent and rates (deaths per 100,000 population), by sex, 2023
B18: ='Table S6.1'!A1 -> Table S6.1: Deaths, number and rates, by sex, 1907–2023
B19: ='Table S6.2'!A1 -> Table S6.2: Deaths by broad cause of death, number and rates, 1907–2023
B20: ='Table S6.3'!A1 -> Table S6.3: Leading underlying causes of death, number, per cent of all deaths and age-standardised death rates, by sex, 2013
B21: ='Table S6.4'!A1 -> Table S6.4: Leading underlying causes of death, number, per cent of all deaths and age-standardised death rates, by sex, 2013–2023
B22: ='Table S7.1'!A1 -> Table S7.1: Leading underlying causes of death, number, per cent of all deaths and rates, Aboriginal and Torres Strait Islander (First Nations) people, NSW, Qld, WA, SA and NT, 2021-2023
B23: Table S7.2: Leading underlying causes of death, number, per cent of all deaths and rates, non-Indigenous people, NSW, Qld, WA, SA and NT, 2021-2023
B24: ='Table S7.3'!A1 -> Table S7.3: Leading potentially avoidable cause of death (among people aged under 75), number, per cent and rates, by Indigenous status and sex, NSW, Qld, WA, SA and NT, 2021-2023
B25: ='Table S7.4'!A1 -> Table S7.4: Leading underlying causes of death, number, per cent and rates, by sex and Remoteness area, 2021-2023
B26: ='Table S7.5'!A1 -> Table S7.5: Leading potentially avoidable cause of death (among people aged under 75), number, per cent and rates, by sex and Remoteness area, 2021–2023
B27: ='Table S7.6'!A1 -> Table S7.6: Leading underlying causes of death, number, per cent and rates, by sex and Socioeconomic area, 2021-2023
B28: ='Table S7.7'!A1 -> Table S7.7: Leading potentially avoidable cause of death (among people aged under 75), number, per cent and rates, by sex, by sex and Socioeconomic area, 2021–2023
B29: ='Table S8.1'!A1 -> Table S8.1: Number of deaths and number of causes recorded per death (%), 2015, 2019 and 2023
B30: ='Table S8.2'!A1 -> Table S8.2: Number of deaths, number of causes, and average number of causes per death, by sex and age group, for years 2015, 2019 and 2023
B31: ='Table S8.3'!A1 -> Table S8.3: Average number of causes per death, by cause group of the underlying cause, 2023
B32: ='Table S8.4'!A1 -> Table S8.4: Cause of death, per cent involvement by cause type, cause group and specific causes, 2023
B33: ='Table S8.5'!A1 -> Table S8.5: Most common causes of death, number and per cent of deaths, by cause type and sex, 2023
B34: ='Table S8.6'!A1 -> Table S8.6: Most common causes of death, number and per cent of deaths, by cause type and age group, 2023
B35: ='Table S8.7'!A1 -> Table S8.7: Most commonly involved psychosocial factors, coroner-referred deaths, number and per cent , by sex, 2023
B36: ='Table S8.8'!A1 -> Table S8.8: Most common psychosocial factors, coroner-referred deaths, number and per cent of deaths, by underlying cause and sex, 2023
B37: ='Table S8.9'!A1 -> Table S8.9: Most common psychosocial factors, coroner-referred deaths, number and per cent of deaths, by sex and age group, 2023
B38: ='Table S8.10'!A1 -> Table S8.10: Most common causes of death, number and per cent of deaths, by cause type and Socioeconomic area, 2021–2023
B39: ='Table S8.11'!A1 -> Table S8.11: Most commonly recorded psychosocial factors, coroner-referred deaths, number and per cent of deaths, by sex and Socioeconomic area (quintile), 2021–2023
B40: Table S8.12: Coroner-referred deaths, number and per cent with at least one psychosocial factor, 2023
B41: ='Table S9.1'!A1 -> Table S9.1: Life expectancy (expected age at death in years) at different ages by sex, 1881–1890 to 2021–2023
B42: ='Table S9.2'!A1 -> Table S9.2: Life expectancy (years) at birth by sex, OECD countries, 2023 (or nearest available year)

Sheet Table S2.1
A1: Table S2.1: Deaths by sex and age group, 2023
A2: Back to contents
A3: Age group | B3: Males | C3: Females | D3: Persons
A4: 0–4 | B4: 609 | C4: 476 | D4: 1085
A5: 5–9 | B5: 75 | C5: 55 | D5: 130
A6: 10–14 | B6: 99 | C6: 69 | D6: 168
A7: 15–19 | B7: 322 | C7: 123 | D7: 445
A8: 20–24 | B8: 481 | C8: 185 | D8: 666
A9: 25–29 | B9: 621 | C9: 274 | D9: 895
A10: 30–34 | B10: 716 | C10: 386 | D10: 1102
A11: 35–39 | B11: 926 | C11: 517 | D11: 1443
A12: 40–44 | B12: 1303 | C12: 766 | D12: 2069
A13: 45–49 | B13: 1749 | C13: 1027 | D13: 2776
A14: 50–54 | B14: 2724 | C14: 1680 | D14: 4404
A15: 55–59 | B15: 3666 | C15: 2258 | D15: 5924
... A26: Median age at death | B26: 79.55216 | C26: 84.60569 | D26: 81.9503
A27: Note: Year refers to year of registration of death.
A28: Source: AIHW National Mortality Database.

Sheet Table S2.2
A1: Table S2.2: Child deaths (aged 0–4), number, per cent of all deaths and rates (per 100,000 population), by sex, 1907–2023
A2: Back to contents
B3: Males | F3: Females | J3: Persons
A4: Year | B4: Number | C4: Per cent of total deaths (all ages) | D4: Rate (deaths per 100,000) | F4: Number | G4: Per cent of total deaths (all ages) | H4: Rate (deaths per 100,000) | J4: Number | K4: Per cent of total deaths (all ages) | L4: Rate (deaths per 100,000)
A5: 1907 | B5: 6482 | C5: 25 | D5: 2604 | F5: 5341 | G5: 27.6 | H5: 2213.7 | J5: 11823 | K5: 26.1 | L5: 2411.9
A6: 1908 | B6: 6339 | C6: 23.8 | D6: 2498.5 | F6: 5029 | G6: 25.4 | H6: 2047.1 | J6: 11368 | K6: 24.5 | L6: 2276.4
A7: 1909 | B7: 5927 | C7: 23.2 | D7: 2292.9 | F7: 4786 | G7: 25.7 | H7: 1913.9 | J7: 10713 | K7: 24.3 | L7: 2106.5
A8: 1910 | B8: 6404 | C8: 24.5 | D8: 2432.3 | F8: 5119 | G8: 26.3 | H8: 2011.7 | J8: 11523 | K8: 25.3 | L8: 2225.6
A9: 1911 | B9: 6126 | C9: 22.2 | D9: 2285.2 | F9: 4871 | G9: 24 | H9: 1881.8 | J9: 10997 | K9: 23 | L9: 2087
A10: 1912 | B10: 7222 | C10: 23.8 | D10: 2655.2 | F10: 5698 | G10: 26 | H10: 2169.9 | J10: 12920 | K10: 24.8 | L10: 2416.8
A11: 1913 | B11: 7183 | C11: 24.1 | D11: 2603.3 | F11: 5835 | G11: 26.6 | H11: 2190.8 | J11: 13018 | K11: 25.1 | L11: 2400.7
A12: 1914 | B12: 7277 | C12: 24.4 | D12: 2600.4 | F12: 5746 | G12: 26.3 | H12: 2127.5 | J12: 13023 | K12: 25.2 | L12: 2368.1
A13: 1915 | B13: 6989 | C13: 22.8 | D13: 2463 | F13: 5523 | G13: 25 | H13: 2016.9 | J13: 12512 | K13: 23.7 | L13: 2243.9
A14: 1916 | B14: 7185 | C14: 23.2 | D14: 2497.5 | F14: 5828 | G14: 25.1 | H14: 2099.6 | J14: 13013 | K14: 24 | L14: 2302.1
A15: 1917 | B15: 5640 | C15: 20.4 | D15: 1934.1 | F15: 4247 | G15: 20.8 | H15: 1509.7 | J15: 9887 | K15: 20.6 | L15: 1725.7
A16: 1918 | B16: 5632 | C16: 19.7 | D16: 1905.7 | F16: 4575 | G16: 21.1 | H16: 1604.9 | J16: 10207 | K16: 20.3 | L16: 1758
... A121: 2023 | B121: 609 | C121: 0.6 | D121: 78.4 | F121: 476 | G121: 0.5 | H121: 64.7 | J121: 1085 | K121: 0.6 | L121: 71.8
A122: Notes
A123: 1. Year refers to year of registration of death.
A124: 2. Data is presented by year of registration of death. Prior to the 2022 data release, data was presented by the reference year in which the death was received and processed by the Australian Bureau of Statistics. As a result, data in this table may not equal previously published data for these years. For more detail, refer to Data collection: Presentation of mortality data in Causes of death, Australia, methodology, 2022 (https://www.abs.gov.au/methodologies/causes-death-australia-methodology/2022#data-collection)
A125: 3. Per cent of total deaths (all ages), described in table Table S6.1: Deaths by sex, number and rates (deaths per 100,000 population), 1907–2023.
A126: 4. Rates are calculated using the sum of estimated resident populations at 30 June for each year. Rates are expressed as deaths per 100,000 population.
A127: Source: AIHW National Mortality Database.

Sheet Table S2.3
A1: Table S2.3: Potential years of life lost before age 75, number and rate, by sex, 1907–2023
A2: Back to contents
B3: Males | E3: Females | H3: Persons
A4: Year | B4: Number (person-years) | C4: Rate (person-years per 1,000) | E4: Number (person-years) | F4: Rate (person-years per 1,000) | H4: Number (person-years) | I4: Rate (person-years per 1,000)
A5: 1907 | B5: 870650 | C5: 404.6 | E5: 705732.5 | F5: 356.4 | H5: 1576382.5 | I5: 381.5
A6: 1908 | B6: 880792.5 | C6: 403.2 | E6: 705257.5 | F6: 350.3 | H6: 1586050 | I6: 377.8
A7: 1909 | B7: 831830 | C7: 375.2 | E7: 660180 | F7: 322.5 | H7: 1492010 | I7: 349.9
A8: 1910 | B8: 871410 | C8: 387.4 | E8: 687100 | F8: 330.3 | H8: 1558510 | I8: 359.9
A9: 1911 | B9: 880475 | C9: 385.9 | E9: 687372.5 | F9: 325.1 | H9: 1567847.5 | I9: 356.7
A10: 1912 | B10: 1002087.5 | C10: 430.6 | E10: 769617.5 | F10: 355.1 | H10: 1771705 | I10: 394.2
A11: 1913 | B11: 997285 | C11: 420.3 | E11: 777635 | F11: 350.2 | H11: 1774920 | I11: 386.4
A12: 1914 | B12: 999567.5 | C12: 413.3 | E12: 758992.5 | F12: 333.8 | H12: 1758560 | I12: 374.8
A13: 1915 | B13: 997180 | C13: 404.7 | E13: 754797.5 | F13: 324.4 | H13: 1751977.5 | I13: 365.7
A14: 1916 | B14: 1000457.5 | C14: 398.6 | E14: 798032.5 | F14: 335.3 | H14: 1798490 | I14: 367.8
A15: 1917 | B15: 833510 | C15: 326.2 | E15: 642595 | F15: 264 | H15: 1476105 | I15: 295.9
A16: 1918 | B16: 849867.5 | C16: 326.7 | E16: 674345 | F16: 271.2 | H16: 1524212.5 | I16: 299.6
... A121: 2023 | B121: 571549 | C121: 46.5 | E121: 341630 | F121: 27.8 | H121: 913179 | I121: 37.2
A122: Notes
A123: 1. Year refers to year of registration of death.
A124: 2. Potential years of life lost represents the total number of years not lived by an individual before an arbitrary upper limit to life, in this table age 75 years. From 1964 onward, PYLL is calculated based on age at death in single years. Prior to 1964, age at death in years is estimated using the midpoint of the 5 year age group (e.g. all persons age 0 to 4 are treated as age=2.5 years). PYLL is presented here in person-years.
A125: 3. Data is presented by year of registration of death. Prior to the 2022 data release, data was presented by the reference year in which the death was received and processed by the Australian Bureau of Statistics. As a result, data in this table may not equal previously published data for these years. For more detail, refer to Data collection: Presentation of mortality data in Causes of death, Australia, methodology, 2022 (https://www.abs.gov.au/methodologies/causes-death-australia-methodology/2022#data-collection)
A126: 4. Rates are calculated using the sum of estimated resident populations at 30 June for each year. PYLL is presented here as a rate of person-years per 1,000 population under age 75 years.
A127: Source: AIHW (2025) General Record of Incidence of Mortality (GRIM) books (2023): All causes combined, AIHW, Australian Government. https://www.aihw.gov.au/reports/life-expectancy-deaths/grim-books/contents/grim-excel-workbooks

Sheet Table S3.1
A1: Table S3.1: Leading underlying causes of death, number, per cent of all deaths and age-standardised death rates, by sex, 2023
A2: Back to contents
A3: Males | G3: Females | M3: Persons
A4: Rank | B4: Cause of death | C4: Number | D4: Per cent | E4: ASR (deaths per 100,000) | G4: Rank | H4: Cause of death | I4: Number | J4: Per cent | K4: ASR (deaths per 100,000) | M4: Rank | N4: Cause of death | O4: Number | P4: Per cent | Q4: ASR (deaths per 100,000)
A5: 1 | B5: Coronary heart disease (I20–I25) | C5: 10343 | D5: 10.8 | E5: 64.4 | G5: 1 | H5: Dementia including Alzheimer's disease (F01, F03, G30) | I5: 10574 | J5: 12.2 | K5: 46.9 | M5: 1 | N5: Coronary heart disease (I20–I25) | O5: 16922 | P5: 9.2 | Q5: 46.4
A6: 2 | B6: Dementia including Alzheimer's disease (F01, F03, G30) | C6: 6111 | D6: 6.4 | E6: 37.5 | G6: 2 | H6: Coronary heart disease (I20–I25) | I6: 6579 | J6: 7.6 | K6: 30.8 | M6: 2 | N6: Dementia including Alzheimer's disease (F01, F03, G30) | O6: 16685 | P6: 9.1 | Q6: 43
A7: 3 | B7: Lung cancer (C33, C34) | C7: 5194 | D7: 5.4 | E7: 31.8 | G7: 3 | H7: Cerebrovascular disease (I60–I69) | I7: 5263 | J7: 6.1 | K7: 24.7 | M7: 3 | N7: Cerebrovascular disease (I60–I69) | O7: 9359 | P7: 5.1 | Q7: 25.2
A8: 4 | B8: Cerebrovascular disease (I60–I69) | C8: 4096 | D8: 4.3 | E8: 25.3 | G8: 4 | H8: Lung cancer (C33, C34) | I8: 3782 | J8: 4.3 | K8: 20.2 | M8: 4 | N8: Lung cancer (C33, C34) | O8: 8976 | P8: 4.9 | Q8: 25.6
A9: 5 | B9: COPD (J40–J44) | C9: 3914 | D9: 4.1 | E9: 23.9 | G9: 5 | H9: COPD (J40–J44) | I9: 3500 | J9: 4 | K9: 17.6 | M9: 5 | N9: COPD (J40–J44) | O9: 7414 | P9: 4 | Q9: 20.4
A10: 6 | B10: Prostate cancer (C61) | C10: 3726 | D10: 3.9 | E10: 22.7 | G10: 6 | H10: Breast cancer (C50) | I10: 3215 | J10: 3.7 | K10: 17.7 | M10: 6 | N10: Diabetes (E10–E14) | O10: 5942 | P10: 3.2 | Q10: 16.5
A11: 7 | B11: Diabetes (E10–E14) | C11: 3288 | D11: 3.4 | E11: 20.4 | G11: 7 | H11: Diabetes (E10–E14) | I11: 2654 | J11: 3.1 | K11: 13.1 | M11: 7 | N11: Colorectal cancer (C18–C20, C26.0) | O11: 5372 | P11: 2.9 | Q11: 15.4
A12: 8 | B12: Colorectal cancer (C18–C20, C26.0) | C12: 2832 | D12: 2.9 | E12: 17.8 | G12: 8 | H12: Colorectal cancer (C18–C20, C26.0) | I12: 2540 | J12: 2.9 | K12: 13.3 | M12: 8 | N12: COVID-19 (U07.1, U07.2, U10.9) | O12: 5001 | P12: 2.7 | Q12: 13.3
A13: 9 | B13: COVID-19 (U07.1, U07.2, U10.9) | C13: 2644 | D13: 2.7 | E13: 16.2 | G13: 9 | H13: COVID-19 (U07.1, U07.2, U10.9) | I13: 2357 | J13: 2.7 | K13: 10.9 | M13: 9 | N13: Accidental falls (W00–W19) | O13: 4105 | P13: 2.2 | Q13: 10.8
A14: 10 | B14: Suicide (X60–X84, Y87.0) | C14: 2419 | D14: 2.5 | E14: 18 | G14: 10 | H14: Heart failure and complications and ill-defined heart disease (I50–I51) | I14: 2195 | J14: 2.5 | K14: 9.7 | M14: 10 | N14: Heart failure and complications and ill-defined heart disease (I50–I51) | O14: 4022 | P14: 2.2 | Q14: 10.5
A15: 11 | B15: Accidental falls (W00–W19) | C15: 2122 | D15: 2.2 | E15: 13.1 | G15: 11 | H15: Other ill-defined causes (R00–R94, R96–R99, I46.9, I95.9, I99, J96.0, J96.9, P28.5) | I15: 1998 | J15: 2.3 | K15: 10.1 | M15: 11 | N15: Other ill-defined causes (R00–R94, R96–R99, I46.9, I95.9, I99, J96.0, J96.9, P28.5) | O15: 3808 | P15: 2.1 | Q15: 11.1
A16: 12 | B16: Pancreatic cancer (C25) | C16: 1941 | D16: 2 | E16: 12 | G16: 12 | H16: Accidental falls (W00–W19) | I16: 1983 | J16: 2.3 | K16: 9 | M16: 12 | N16: Prostate cancer (C61) | O16: 3726 | P16: 2 | Q16: 10
... A24: 20 | B24: Influenza and pneumonia (J09–J18) | C24: 1375 | D24: 1.4 | E24: 8.6 | G24: 20 | H24: Ovarian cancer (C56) | I24: 1045 | J24: 1.2 | K24: 5.8 | M24: 20 | N24: Hypertensive disease (I10–I15) | O24: 2684 | P24: 1.5 | Q24: 7
B25: Leading 20 causes combined | C25: 61560 | D25: 64 | E25: 384.2 | H25: Leading 20 causes combined | I25: 58256 | J25: 67 | K25: 280 | N25: Leading 20 causes combined | O25: 115896 | P25: 63.3 | Q25: 318.5
B26: All causes | C26: 96180 | D26: 100 | E26: 604.8 | H26: All causes | I26: 86951 | J26: 100 | K26: 430.9 | N26: All causes | O26: 183131 | P26: 100 | Q26: 512.7
A27: ASR | B27: age-standardised rate
A28: COPD | B28: Chronic obstructive pulmonary disease
A29: .. | B29: not applicable
A30: Notes
A31: 1. Year refers to year of registration of death. Deaths registered in 2023 are based on the preliminary version and are subject to further revision by the Australian Bureau of Statistics.
A32: 2. Leading causes of death are based on underlying causes of death and classified using an AIHW-modified version of Becker R, Sivli J, Ma Fat, L'Hours A, Laurenti R (2006). A method for deriving leading causes of death. Bulletin of the World Health Organization 84: 297–304. International Statistical Classification of Diseases and Related Health Problems, 10th revision (ICD-10) codes are presented in parentheses.
A33: 3. Rates are expressed as deaths per 100,000 population. Age-standardised rates are directly standardised to the Australian estimated resident population at 30 June 2001.
A34: Source: AIHW National Mortality Database.

Sheet Table S3.2
A1: Table S3.2: Leading underlying causes of death, number, per cent of all deaths and age-specific rates, by sex and age group, 2023
A2: Back to contents
B3: Males | H3: Females | N3: Persons
A4: Age group and rank | B4: Cause of death | C4: Number | D4: Per cent | E4: Age-specific rates (deaths per 100,000) | G4: Age group and rank | H4: Cause of death | I4: Number | J4: Per cent | K4: Age-specific rates (deaths per 100,000) | M4: Age group and rank | N4: Cause of death | O4: Number | P4: Per cent | Q4: Age-specific rates (deaths per 100,000)
A5: Under 1 | G5: Under 1 | M5: Under 1
A6: 1 | B6: Certain conditions originating in the perinatal period, congenital malformations, deformations and chromosomal abnormalities (P00–P96, Q00–Q99 excl. P28.5) | C6: 406 | D6: 78.5 | E6: 271.2 | G6: 1 | H6: Certain conditions originating in the perinatal period, congenital malformations, deformations and chromosomal abnormalities (P00–P96, Q00–Q99 excl. P28.5) | I6: 324 | J6: 82.2 | K6: 229.2 | M6: 1 | N6: Certain conditions originating in the perinatal period, congenital malformations, deformations and chromosomal abnormalities (P00–P96, Q00–Q99 excl. P28.5) | O6: 730 | P6: 80.1 | Q6: 250.8
A7: 2 | B7: Other ill-defined causes (R00–R94, R96–R99, I46.9, I95.9, I99, J96.0, J96.9, P28.5) | C7: 53 | D7: 10.3 | E7: 35.4 | G7: 2 | H7: Other ill-defined causes (R00–R94, R96–R99, I46.9, I95.9, I99, J96.0, J96.9, P28.5) | I7: 27 | J7: 6.9 | K7: 19.1 | M7: 2 | N7: Other ill-defined causes (R00–R94, R96–R99, I46.9, I95.9, I99, J96.0, J96.9, P28.5) | O7: 80 | P7: 8.8 | Q7: 27.5
A8: 3 | B8: Sudden infant death syndrome (SIDS) (R95) | C8: 10 | D8: 1.9 | E8: 6.7 | G8: 3 | H8: Selected metabolic disorders excl. dehydration (E70–E89 excl. E86, E87) | I8: 4 | J8: 1 | K8: 2.8 | M8: 3 | N8: Sudden infant death syndrome (SIDS) (R95) | O8: 13 | P8: 1.4 | Q8: 4.5
A9: 4 | B9: Accidental threats to breathing (W75–W84) | C9: 7 | D9: 1.4 | E9: 4.7 | G9: 3 | H9: Accidental threats to breathing (W75–W84) | I9: 4 | J9: 1 | K9: 2.8 | M9: 4 | N9: Accidental threats to breathing (W75–W84) | O9: 11 | P9: 1.2 | Q9: 3.8
A10: 4 | B10: Selected metabolic disorders excl. dehydration (E70–E89 excl. E86, E87) | C10: 7 | D10: 1.4 | E10: 4.7 | G10: 3 | H10: Epilepsy and status epilepticus (G40, G41) | I10: 4 | J10: 1 | K10: 2.8 | M10: 4 | N10: Selected metabolic disorders excl. dehydration (E70–E89 excl. E86, E87) | O10: 11 | P10: 1.2 | Q10: 3.8
B11: Leading 5 causes combined | C11: 483 | D11: 93.4 | E11: 322.6 | H11: Leading 5 causes combined | I11: 363 | J11: 92.1 | K11: 256.8 | N11: Leading 5 causes combined | O11: 845 | P11: 92.8 | Q11: 290.3
B12: All causes | C12: 517 | D12: 100 | E12: 345.3 | H12: All causes | I12: 394 | J12: 100 | K12: 278.8 | N12: All causes | O12: 911 | P12: 100 | Q12: 313
A13: 1–14 | G13: 1–14 | M13: 1–14
A14: 1 | B14: Land transport accidents (V01–V89, Y85) | C14: 34 | D14: 12.8 | E14: 1.5 | G14: 1 | H14: Land transport accidents (V01–V89, Y85) | I14: 20 | J14: 9.7 | K14: 0.9 | M14: 1 | N14: Land transport accidents (V01–V89, Y85) | O14: 54 | P14: 11.4 | Q14: 1.2
A15: 2 | B15: Certain conditions originating in the perinatal period, congenital malformations, deformations and chromosomal abnormalities (P00–P96, Q00–Q99 excl. P28.5) | C15: 22 | D15: 8.3 | E15: 1 | G15: 2 | H15: Brain cancer (C71) | I15: 18 | J15: 8.7 | K15: 0.8 | M15: 2 | N15: Certain conditions originating in the perinatal period, congenital malformations, deformations and chromosomal abnormalities (P00–P96, Q00–Q99 excl. P28.5) | O15: 39 | P15: 8.3 | Q15: 0.9
A16: 3 | B16: Brain cancer (C71) | C16: 18 | D16: 6.8 | E16: 0.8 | G16: 3 | H16: Certain conditions originating in the perinatal period, congenital malformations, deformations and chromosomal abnormalities (P00–P96, Q00–Q99 excl. P28.5) | I16: 17 | J16: 8.3 | K16: 0.8 | M16: 3 | N16: Brain cancer (C71) | O16: 36 | P16: 7.6 | Q16: 0.8
A17: 4 | B17: Other ill-defined causes (R00–R94, R96–R99, I46.9, I95.9, I99, J96.0, J96.9, P28.5) | C17: 14 | D17: 5.3 | E17: 0.6 | G17: 4 | H17: Suicide (X60–X84, Y87.0) | I17: 14 | J17: 6.8 | K17: 0.6 | M17: 4 | N17: Suicide (X60–X84, Y87.0) | O17: 27 | P17: 5.7 | Q17: 0.6
A18: 5 | B18: Suicide (X60–X84, Y87.0) | C18: 13 | D18: 4.9 | E18: 0.6 | G18: 5 | H18: Influenza and pneumonia (J09–J18) | I18: 10 | J18: 4.9 | K18: 0.5 | M18: 5 | N18: Accidental drowning and submersion (W65–W74) | O18: 22 | P18: 4.7 | Q18: 0.5
A19: 5 | B19: Accidental drowning and submersion (W65–W74) | C19: 13 | D19: 4.9 | E19: 0.6 | G19: 6 | H19: Accidental drowning and submersion (W65–W74) | I19: 9 | J19: 4.4 | K19: 0.4 | M19: 5 | N19: Influenza and pneumonia (J09–J18) | O19: 22 | P19: 4.7 | Q19: 0.5
A20: 7 | B20: Influenza and pneumonia (J09–J18) | C20: 12 | D20: 4.5 | E20: 0.5 | G20: 6 | H20: Leukaemia (C91–C95) | I20: 9 | J20: 4.4 | K20: 0.4 | M20: 7 | N20: Other ill-defined causes (R00–R94, R96–R99, I46.9, I95.9, I99, J96.0, J96.9, P28.5) | O20: 20 | P20: 4.2 | Q20: 0.4
A21: 8 | B21: Selected metabolic disorders excl. dehydration (E70–E89 excl. E86, E87) | C21: 11 | D21: 4.1 | E21: 0.5 | G21: 8 | H21: Cerebral palsy and other paralytic syndromes (G80–G83) | I21: 8 | J21: 3.9 | K21: 0.4 | M21: 8 | N21: Selected metabolic disorders excl. dehydration (E70–E89 excl. E86, E87) | O21: 19 | P21: 4 | Q21: 0.4
A22: 9 | B22: Exposure to smoke, fire and flames (X00–X09) | C22: 9 | D22: 3.4 | E22: 0.4 | G22: 8 | H22: Selected metabolic disorders excl. dehydration (E70–E89 excl. E86, E87) | I22: 8 | J22: 3.9 | K22: 0.4 | M22: 9 | N22: Cerebral palsy and other paralytic syndromes (G80–G83) | O22: 16 | P22: 3.4 | Q22: 0.4
A23: 9 | B23: Malignant neoplasms of thyroid and other endocrine glands (C73–C75) | C23: 9 | D23: 3.4 | E23: 0.4 | G23: 10 | H23: Malignant neoplasms of thyroid and other endocrine glands (C73–C75) | I23: 7 | J23: 3.4 | K23: 0.3 | M23: 9 | N23: Malignant neoplasms of thyroid and other endocrine glands (C73–C75) | O23: 16 | P23: 3.4 | Q23: 0.4
G24: 10 | H24: Septicaemia (A40–A41) | I24: 7 | J24: 3.4 | K24: 0.3
B25: Leading 10 causes combined | C25: 155 | D25: 58.3 | E25: 6.7 | H25: Leading 10 causes combined | I25: 127 | J25: 61.7 | K25: 5.8 | N25: Leading 10 causes combined | O25: 271 | P25: 57.4 | Q25: 6
B26: All causes | C26: 266 | D26: 100 | E26: 11.5 | H26: All causes | I26: 206 | J26: 100 | K26: 9.4 | N26: All causes | O26: 472 | P26: 100 | Q26: 10.5
A27: 15–24 | G27: 15–24 | M27: 15–24
A28: 1 | B28: Suicide (X60–X84, Y87.0) | C28: 259 | D28: 32.3 | E28: 15 | G28: 1 | H28: Suicide (X60–X84, Y87.0) | I28: 106 | J28: 34.4 | K28: 6.6 | M28: 1 | N28: Suicide (X60–X84, Y87.0) | O28: 365 | P28: 32.9 | Q28: 10.9
A29: 2 | B29: Land transport accidents (V01–V89, Y85) | C29: 195 | D29: 24.3 | E29: 11.3 | G29: 2 | H29: Land transport accidents (V01–V89, Y85) | I29: 51 | J29: 16.6 | K29: 3.2 | M29: 2 | N29: Land transport accidents (V01–V89, Y85) | O29: 246 | P29: 22.1 | Q29: 7.4
A30: 3 | B30: Accidental poisoning (X40–X49) | C30: 46 | D30: 5.7 | E30: 2.7 | G30: 3 | H30: Other ill-defined causes (R00–R94, R96–R99, I46.9, I95.9, I99, J96.0, J96.9, P28.5) | I30: 17 | J30: 5.5 | K30: 1.1 | M30: 3 | N30: Accidental poisoning (X40–X49) | O30: 56 | P30: 5 | Q30: 1.7
A31: 4 | B31: Other ill-defined causes (R00–R94, R96–R99, I46.9, I95.9, I99, J96.0, J96.9, P28.5) | C31: 32 | D31: 4 | E31: 1.9 | G31: 4 | H31: Event of undetermined intent (Y10–Y34, Y87.2) | I31: 11 | J31: 3.6 | K31: 0.7 | M31: 4 | N31: Other ill-defined causes (R00–R94, R96–R99, I46.9, I95.9, I99, J96.0, J96.9, P28.5) | O31: 49 | P31: 4.4 | Q31: 1.5
A32: 5 | B32: Assault (X85–Y09, Y87.1) | C32: 26 | D32: 3.2 | E32: 1.5 | G32: 5 | H32: Accidental poisoning (X40–X49) | I32: 10 | J32: 3.2 | K32: 0.6 | M32: 5 | N32: Event of undetermined intent (Y10–Y34, Y87.2) | O32: 32 | P32: 2.9 | Q32: 1
A33: 6 | B33: Accidental drowning and submersion (W65–W74) | C33: 22 | D33: 2.7 | E33: 1.3 | G33: 6 | H33: Epilepsy and status epilepticus (G40, G41) | I33: 8 | J33: 2.6 | K33: 0.5 | M33: 6 | N33: Assault (X85–Y09, Y87.1) | O33: 29 | P33: 2.6 | Q33: 0.9
A34: 7 | B34: Event of undetermined intent (Y10–Y34, Y87.2) | C34: 21 | D34: 2.6 | E34: 1.2 | G34: 7 | H34: Malignant neoplasms of bone and articular cartilage (C40–C41) | I34: 6 | J34: 1.9 | K34: 0.4 | M34: 7 | N34: Accidental drowning and submersion (W65–W74) | O34: 24 | P34: 2.2 | Q34: 0.7
A35: 8 | B35: Leukaemia (C91–C95) | C35: 17 | D35: 2.1 | E35: 1 | G35: 7 | H35: Leukaemia (C91–C95) | I35: 6 | J35: 1.9 | K35: 0.4 | M35: 8 | N35: Leukaemia (C91–C95) | O35: 23 | P35: 2.1 | Q35: 0.7
A36: 9 | B36: Malignant neoplasms of bone and articular cartilage (C40–C41) | C36: 14 | D36: 1.7 | E36: 0.8 | G36: 9 | H36: Certain conditions originating in the perinatal period, congenital malformations, deformations and chromosomal abnormalities (P00–P96, Q00–Q99 excl. P28.5) | I36: 5 | J36: 1.6 | K36: 0.3 | M36: 9 | N36: Epilepsy and status epilepticus (G40, G41) | O36: 20 | P36: 1.8 | Q36: 0.6
A37: 10 | B37: Certain conditions originating in the perinatal period, congenital malformations, deformations and chromosomal abnormalities (P00–P96, Q00–Q99 excl. P28.5) | C37: 13 | D37: 1.6 | E37: 0.8 | G37: 9 | H37: Influenza and pneumonia (J09–J18) | I37: 5 | J37: 1.6 | K37: 0.3 | M37: 9 | N37: Malignant neoplasms of bone and articular cartilage (C40–C41) | O37: 20 | P37: 1.8 | Q37: 0.6
G38: 9 | H38: Heart failure and complications and ill-defined heart disease (I50–I51) | I38: 5 | J38: 1.6 | K38: 0.3
B39: Leading 10 causes combined | C39: 645 | D39: 80.3 | E39: 37.4 | H39: Leading 10 causes combined | I39: 230 | J39: 74.7 | K39: 14.3 | N39: Leading 10 causes combined | O39: 864 | P39: 77.8 | Q39: 25.9
B40: All causes | C40: 803 | D40: 100 | E40: 46.5 | H40: All causes | I40: 308 | J40: 100 | K40: 19.1 | N40: All causes | O40: 1111 | P40: 100 | Q40: 33.3
A41: 25–44 | G41: 25–44 | M41: 25–44
A42: 1 | B42: Suicide (X60–X84, Y87.0) | C42: 901 | D42: 25.3 | E42: 23.7 | G42: 1 | H42: Suicide (X60–X84, Y87.0) | I42: 289 | J42: 14.9 | K42: 7.6 | M42: 1 | N42: Suicide (X60–X84, Y87.0) | O42: 1190 | P42: 21.6 | Q42: 15.6
A43: 2 | B43: Accidental poisoning (X40–X49) | C43: 375 | D43: 10.5 | E43: 9.9 | G43: 2 | H43: Breast cancer (C50) | I43: 121 | J43: 6.2 | K43: 3.2 | M43: 2 | N43: Accidental poisoning (X40–X49) | O43: 491 | P43: 8.9 | Q43: 6.4
A44: 3 | B44: Land transport accidents (V01–V89, Y85) | C44: 302 | D44: 8.5 | E44: 7.9 | G44: 3 | H44: Accidental poisoning (X40–X49) | I44: 116 | J44: 6 | K44: 3 | M44: 3 | N44: Land transport accidents (V01–V89, Y85) | O44: 392 | P44: 7.1 | Q44: 5.1
A45: 4 | B45: Coronary heart disease (I20–I25) | C45: 173 | D45: 4.9 | E45: 4.5 | G45: 4 | H45: Other ill-defined causes (R00–R94, R96–R99, I46.9, I95.9, I99, J96.0, J96.9, P28.5) | I45: 95 | J45: 4.9 | K45: 2.5 | M45: 4 | N45: Other ill-defined causes (R00–R94, R96–R99, I46.9, I95.9, I99, J96.0, J96.9, P28.5) | O45: 260 | P45: 4.7 | Q45: 3.4
A46: 5 | B46: Other ill-defined causes (R00–R94, R96–R99, I46.9, I95.9, I99, J96.0, J96.9, P28.5) | C46: 165 | D46: 4.6 | E46: 4.3 | G46: 4 | H46: Colorectal cancer (C18–C20, C26.0) | I46: 95 | J46: 4.9 | K46: 2.5 | M46: 5 | N46: Liver disease (K70–K76) | O46: 216 | P46: 3.9 | Q46: 2.8
A47: 6 | B47: Liver disease (K70–K76) | C47: 128 | D47: 3.6 | E47: 3.4 | G47: 6 | H47: Land transport accidents (V01–V89, Y85) | I47: 90 | J47: 4.6 | K47: 2.4 | M47: 6 | N47: Coronary heart disease (I20–I25) | O47: 215 | P47: 3.9 | Q47: 2.8
A48: 7 | B48: Colorectal cancer (C18–C20, C26.0) | C48: 96 | D48: 2.7 | E48: 2.5 | G48: 7 | H48: Liver disease (K70–K76) | I48: 88 | J48: 4.5 | K48: 2.3 | M48: 7 | N48: Colorectal cancer (C18–C20, C26.0) | O48: 191 | P48: 3.5 | Q48: 2.5
A49: 8 | B49: Event of undetermined intent (Y10–Y34, Y87.2) | C49: 71 | D49: 2 | E49: 1.9 | G49: 8 | H49: Uterine cancer (C53–C55) | I49: 64 | J49: 3.3 | K49: 1.7 | M49: 8 | N49: Breast cancer (C50) | O49: 121 | P49: 2.2 | Q49: 1.6
A50: 8 | B50: Brain cancer (C71) | C50: 71 | D50: 2 | E50: 1.9 | G50: 9 | H50: Certain conditions originating in the perinatal period, congenital malformations, deformations and chromosomal abnormalities (P00–P96, Q00–Q99 excl. P28.5) | I50: 46 | J50: 2.4 | K50: 1.2 | M50: 9 | N50: Brain cancer (C71) | O50: 113 | P50: 2.1 | Q50: 1.5
A51: 10 | B51: Assault (X85–Y09, Y87.1) | C51: 62 | D51: 1.7 | E51: 1.6 | G51: 9 | H51: Diabetes (E10–E14) | I51: 46 | J51: 2.4 | K51: 1.2 | M51: 10 | N51: Diabetes (E10–E14) | O51: 104 | P51: 1.9 | Q51: 1.4
B52: Leading 10 causes combined | C52: 2344 | D52: 65.7 | E52: 61.6 | H52: Leading 10 causes combined | I52: 1050 | J52: 54 | K52: 27.4 | N52: Leading 10 causes combined | O52: 3293 | P52: 59.8 | Q52: 43.1
B53: All causes | C53: 3566 | D53: 100 | E53: 93.7 | H53: All causes | I53: 1943 | J53: 100 | K53: 50.8 | N53: All causes | O53: 5509 | P53: 100 | Q53: 72.2
A54: 45–64 | G54: 45–64 | M54: 45–64
A55: 1 | B55: Coronary heart disease (I20–I25) | C55: 1732 | D55: 12.8 | E55: 55.6 | G55: 1 | H55: Breast cancer (C50) | I55: 829 | J55: 9.9 | K55: 25.7 | M55: 1 | N55: Coronary heart disease (I20–I25) | O55: 2203 | P55: 10 | Q55: 34.7
A56: 2 | B56: Lung cancer (C33, C34) | C56: 960 | D56: 7.1 | E56: 30.8 | G56: 2 | H56: Lung cancer (C33, C34) | I56: 682 | J56: 8.1 | K56: 21.1 | M56: 2 | N56: Lung cancer (C33, C34) | O56: 1642 | P56: 7.5 | Q56: 25.9
A57: 3 | B57: Suicide (X60–X84, Y87.0) | C57: 818 | D57: 6 | E57: 26.3 | G57: 3 | H57: Coronary heart disease (I20–I25) | I57: 471 | J57: 5.6 | K57: 14.6 | M57: 3 | N57: Suicide (X60–X84, Y87.0) | O57: 1071 | P57: 4.9 | Q57: 16.9
A58: 4 | B58: Liver disease (K70–K76) | C58: 658 | D58: 4.9 | E58: 21.1 | G58: 4 | H58: Colorectal cancer (C18–C20, C26.0) | I58: 432 | J58: 5.1 | K58: 13.4 | M58: 4 | N58: Liver disease (K70–K76) | O58: 1022 | P58: 4.7 | Q58: 16.1
A59: 5 | B59: Colorectal cancer (C18–C20, C26.0) | C59: 576 | D59: 4.3 | E59: 18.5 | G59: 5 | H59: Liver disease (K70–K76) | I59: 364 | J59: 4.3 | K59: 11.3 | M59: 5 | N59: Colorectal cancer (C18–C20, C26.0) | O59: 1008 | P59: 4.6 | Q59: 15.9
A60: 6 | B60: Diabetes (E10–E14) | C60: 444 | D60: 3.3 | E60: 14.3 | G60: 6 | H60: Chronic obstructive pulmonary disease (COPD) (J40–J44) | I60: 342 | J60: 4.1 | K60: 10.6 | M60: 6 | N60: Breast cancer (C50) | O60: 837 | P60: 3.8 | Q60: 13.2
A61: 7 | B61: Pancreatic cancer (C25) | C61: 430 | D61: 3.2 | E61: 13.8 | G61: 7 | H61: Pancreatic cancer (C25) | I61: 302 | J61: 3.6 | K61: 9.4 | M61: 7 | N61: Pancreatic cancer (C25) | O61: 732 | P61: 3.3 | Q61: 11.5
A62: 8 | B62: Other ill-defined causes (R00–R94, R96–R99, I46.9, I95.9, I99, J96.0, J96.9, P28.5) | C62: 405 | D62: 3 | E62: 13 | G62: 8 | H62: Cerebrovascular disease (I60–I69) | I62: 288 | J62: 3.4 | K62: 8.9 | M62: 8 | N62: Chronic obstructive pulmonary disease (COPD) (J40–J44) | O62: 730 | P62: 3.3 | Q62: 11.5
A63: 9 | B63: Accidental poisoning (X40–X49) | C63: 392 | D63: 2.9 | E63: 12.6 | G63: 9 | H63: Ovarian cancer (C56) | I63: 262 | J63: 3.1 | K63: 8.1 | M63: 9 | N63: Diabetes (E10–E14) | O63: 657 | P63: 3 | Q63: 10.4
A64: 10 | B64: Chronic obstructive pulmonary disease (COPD) (J40–J44) | C64: 388 | D64: 2.9 | E64: 12.5 | G64: 10 | H64: Suicide (X60–X84, Y87.0) | I64: 253 | J64: 3 | K64: 7.8 | M64: 10 | N64: Cerebrovascular disease (I60–I69) | O64: 652 | P64: 3 | Q64: 10.3
B65: Leading 10 causes combined | C65: 6803 | D65: 50.2 | E65: 218.5 | H65: Leading 10 causes combined | I65: 4225 | J65: 50.3 | K65: 130.9 | N65: Leading 10 causes combined | O65: 10554 | P65: 48.1 | Q65: 166.4
B66: All causes | C66: 13539 | D66: 100 | E66: 434.8 | H66: All causes | I66: 8396 | J66: 100 | K66: 260.2 | N66: All causes | O66: 21935 | P66: 100 | Q66: 345.9
A67: 65–74 | G67: 65–74 | M67: 65–74
A68: 1 | B68: Coronary heart disease (I20–I25) | C68: 1983 | D68: 11.5 | E68: 166.3 | G68: 1 | H68: Lung cancer (C33, C34) | I68: 1130 | J68: 10 | K68: 87.4 | M68: 1 | N68: Lung cancer (C33, C34) | O68: 2695 | P68: 9.4 | Q68: 108.4
A69: 2 | B69: Lung cancer (C33, C34) | C69: 1565 | D69: 9.1 | E69: 131.2 | G69: 2 | H69: Chronic obstructive pulmonary disease (COPD) (J40–J44) | I69: 751 | J69: 6.7 | K69: 58.1 | M69: 2 | N69: Coronary heart disease (I20–I25) | O69: 2618 | P69: 9.2 | Q69: 105.3
A70: 3 | B70: Chronic obstructive pulmonary disease (COPD) (J40–J44) | C70: 920 | D70: 5.3 | E70: 77.1 | G70: 3 | H70: Breast cancer (C50) | I70: 715 | J70: 6.3 | K70: 55.3 | M70: 3 | N70: Chronic obstructive pulmonary disease (COPD) (J40–J44) | O70: 1671 | P70: 5.9 | Q70: 67.2
A71: 4 | B71: Diabetes (E10–E14) | C71: 660 | D71: 3.8 | E71: 55.3 | G71: 4 | H71: Coronary heart disease (I20–I25) | I71: 635 | J71: 5.6 | K71: 49.1 | M71: 4 | N71: Cerebrovascular disease (I60–I69) | O71: 1076 | P71: 3.8 | Q71: 43.3
A72: 5 | B72: Colorectal cancer (C18–C20, C26.0) | C72: 656 | D72: 3.8 | E72: 55 | G72: 5 | H72: Cerebrovascular disease (I60–I69) | I72: 481 | J72: 4.3 | K72: 37.2 | M72: 5 | N72: Diabetes (E10–E14) | O72: 1067 | P72: 3.7 | Q72: 42.9
A73: 6 | B73: Prostate cancer (C61) | C73: 629 | D73: 3.6 | E73: 52.7 | G73: 6 | H73: Pancreatic cancer (C25) | I73: 454 | J73: 4 | K73: 35.1 | M73: 6 | N73: Colorectal cancer (C18–C20, C26.0) | O73: 1064 | P73: 3.7 | Q73: 42.8
A74: 7 | B74: Cerebrovascular disease (I60–I69) | C74: 595 | D74: 3.4 | E74: 49.9 | G74: 7 | H74: Dementia including Alzheimer's disease (F01, F03, G30) | I74: 428 | J74: 3.8 | K74: 33.1 | M74: 7 | N74: Pancreatic cancer (C25) | O74: 1016 | P74: 3.6 | Q74: 40.9
A75: 8 | B75: Pancreatic cancer (C25) | C75: 562 | D75: 3.3 | E75: 47.1 | G75: 8 | H75: Colorectal cancer (C18–C20, C26.0) | I75: 408 | J75: 3.6 | K75: 31.5 | M75: 8 | N75: Dementia including Alzheimer's disease (F01, F03, G30) | O75: 796 | P75: 2.8 | Q75: 32
A76: 9 | B76: Liver cancer (C22) | C76: 500 | D76: 2.9 | E76: 41.9 | G76: 9 | H76: Diabetes (E10–E14) | I76: 407 | J76: 3.6 | K76: 31.5 | M76: 9 | N76: Breast cancer (C50) | O76: 724 | P76: 2.5 | Q76: 29.1
A77: 10 | B77: Liver disease (K70–K76) | C77: 415 | D77: 2.4 | E77: 34.8 | G77: 10 | H77: Ovarian cancer (C56) | I77: 265 | J77: 2.4 | K77: 20.5 | M77: 10 | N77: Liver cancer (C22) | O77: 715 | P77: 2.5 | Q77: 28.8
B78: Leading 10 causes combined | C78: 8485 | D78: 49.1 | E78: 711.5 | H78: Leading 10 causes combined | I78: 5674 | J78: 50.4 | K78: 438.7 | N78: Leading 10 causes combined | O78: 13442 | P78: 47.1 | Q78: 540.7
B79: All causes | C79: 17264 | D79: 100 | E79: 1447.7 | H79: All causes | I79: 11266 | J79: 100 | K79: 871 | N79: All causes | O79: 28530 | P79: 100 | Q79: 1147.7
A80: 75–84 | G80: 75–84 | M80: 75–84
A81: 1 | B81: Coronary heart disease (I20–I25) | C81: 2805 | D81: 9.8 | E81: 392.7 | G81: 1 | H81: Dementia including Alzheimer's disease (F01, F03, G30) | I81: 2468 | J81: 11.2 | K81: 309 | M81: 1 | N81: Dementia including Alzheimer's disease (F01, F03, G30) | O81: 4427 | P81: 8.7 | Q81: 292.6
A82: 2 | B82: Dementia including Alzheimer's disease (F01, F03, G30) | C82: 1959 | D82: 6.9 | E82: 274.3 | G82: 2 | H82: Coronary heart disease (I20–I25) | I82: 1477 | J82: 6.7 | K82: 184.9 | M82: 2 | N82: Coronary heart disease (I20–I25) | O82: 4282 | P82: 8.5 | Q82: 283
A83: 3 | B83: Lung cancer (C33, C34) | C83: 1793 | D83: 6.3 | E83: 251 | G83: 3 | H83: Cerebrovascular disease (I60–I69) | I83: 1329 | J83: 6 | K83: 166.4 | M83: 3 | N83: Lung cancer (C33, C34) | O83: 3067 | P83: 6.1 | Q83: 202.7
A84: 4 | B84: Chronic obstructive pulmonary disease (COPD) (J40–J44) | C84: 1422 | D84: 5 | E84: 199.1 | G84: 4 | H84: Lung cancer (C33, C34) | I84: 1274 | J84: 5.8 | K84: 159.5 | M84: 4 | N84: Cerebrovascular disease (I60–I69) | O84: 2706 | P84: 5.3 | Q84: 178.8
A85: 5 | B85: Prostate cancer (C61) | C85: 1391 | D85: 4.9 | E85: 194.7 | G85: 5 | H85: Chronic obstructive pulmonary disease (COPD) (J40–J44) | I85: 1204 | J85: 5.4 | K85: 150.7 | M85: 5 | N85: Chronic obstructive pulmonary disease (COPD) (J40–J44) | O85: 2626 | P85: 5.2 | Q85: 173.6
A86: 6 | B86: Cerebrovascular disease (I60–I69) | C86: 1377 | D86: 4.8 | E86: 192.8 | G86: 6 | H86: Breast cancer (C50) | I86: 800 | J86: 3.6 | K86: 100.2 | M86: 6 | N86: Diabetes (E10–E14) | O86: 1852 | P86: 3.7 | Q86: 122.4
A87: 7 | B87: Diabetes (E10–E14) | C87: 1078 | D87: 3.8 | E87: 150.9 | G87: 7 | H87: Diabetes (E10–E14) | I87: 774 | J87: 3.5 | K87: 96.9 | M87: 7 | N87: Colorectal cancer (C18–C20, C26.0) | O87: 1470 | P87: 2.9 | Q87: 97.2
A88: 8 | B88: COVID-19 (U07.1, U07.2, U10.9) | C88: 848 | D88: 3 | E88: 118.7 | G88: 8 | H88: Colorectal cancer (C18–C20, C26.0) | I88: 657 | J88: 3 | K88: 82.2 | M88: 8 | N88: COVID-19 (U07.1, U07.2, U10.9) | O88: 1444 | P88: 2.9 | Q88: 95.4
A89: 9 | B89: Colorectal cancer (C18–C20, C26.0) | C89: 813 | D89: 2.9 | E89: 113.8 | G89: 9 | H89: Pancreatic cancer (C25) | I89: 602 | J89: 2.7 | K89: 75.4 | M89: 9 | N89: Prostate cancer (C61) | O89: 1391 | P89: 2.7 | Q89: 91.9
A90: 10 | B90: Parkinson disease (G20) | C90: 746 | D90: 2.6 | E90: 104.4 | G90: 10 | H90: COVID-19 (U07.1, U07.2, U10.9) | I90: 596 | J90: 2.7 | K90: 74.6 | M90: 10 | N90: Pancreatic cancer (C25) | O90: 1214 | P90: 2.4 | Q90: 80.2
B91: Leading 10 causes combined | C91: 14232 | D91: 50 | E91: 1992.4 | H91: Leading 10 causes combined | I91: 11181 | J91: 50.5 | K91: 1399.7 | N91: Leading 10 causes combined | O91: 24479 | P91: 48.4 | Q91: 1617.8
B92: All causes | C92: 28489 | D92: 100 | E92: 3988.4 | H92: All causes | I92: 22119 | J92: 100 | K92: 2769.1 | N92: All causes | O92: 50608 | P92: 100 | Q92: 3344.7
A93: 85–94 | G93: 85–94 | M93: 85–94
A94: 1 | B94: Dementia including Alzheimer's disease (F01, F03, G30) | C94: 3096 | D94: 11.6 | E94: 1492.2 | G94: 1 | H94: Dementia including Alzheimer's disease (F01, F03, G30) | I94: 5525 | J94: 17.6 | K94: 1838.2 | M94: 1 | N94: Dementia including Alzheimer's disease (F01, F03, G30) | O94: 8621 | P94: 14.8 | Q94: 1696.9
A95: 2 | B95: Coronary heart disease (I20–I25) | C95: 3006 | D95: 11.2 | E95: 1448.8 | G95: 2 | H95: Coronary heart disease (I20–I25) | I95: 2762 | J95: 8.8 | K95: 918.9 | M95: 2 | N95: Coronary heart disease (I20–I25) | O95: 5768 | P95: 9.9 | Q95: 1135.3
A96: 3 | B96: Cerebrovascular disease (I60–I69) | C96: 1448 | D96: 5.4 | E96: 697.9 | G96: 3 | H96: Cerebrovascular disease (I60–I69) | I96: 2267 | J96: 7.2 | K96: 754.2 | M96: 3 | N96: Cerebrovascular disease (I60–I69) | O96: 3715 | P96: 6.4 | Q96: 731.2
A97: 4 | B97: Prostate cancer (C61) | C97: 1336 | D97: 5 | E97: 643.9 | G97: 4 | H97: Heart failure and complications and ill-defined heart disease (I50–I51) | I97: 1103 | J97: 3.5 | K97: 367 | M97: 4 | N97: COVID-19 (U07.1, U07.2, U10.9) | O97: 2105 | P97: 3.6 | Q97: 414.3
A98: 5 | B98: COVID-19 (U07.1, U07.2, U10.9) | C98: 1073 | D98: 4 | E98: 517.2 | G98: 5 | H98: COVID-19 (U07.1, U07.2, U10.9) | I98: 1032 | J98: 3.3 | K98: 343.4 | M98: 5 | N98: Chronic obstructive pulmonary disease (COPD) (J40–J44) | O98: 2003 | P98: 3.4 | Q98: 394.3
A99: 6 | B99: Chronic obstructive pulmonary disease (COPD) (J40–J44) | C99: 1027 | D99: 3.8 | E99: 495 | G99: 6 | H99: Accidental falls (W00–W19) | I99: 988 | J99: 3.1 | K99: 328.7 | M99: 6 | N99: Accidental falls (W00–W19) | O99: 1934 | P99: 3.3 | Q99: 380.7
A100: 7 | B100: Accidental falls (W00–W19) | C100: 946 | D100: 3.5 | E100: 455.9 | G100: 7 | H100: Chronic obstructive pulmonary disease (COPD) (J40–J44) | I100: 976 | J100: 3.1 | K100: 324.7 | M100: 7 | N100: Heart failure and complications and ill-defined heart disease (I50–I51) | O100: 1912 | P100: 3.3 | Q100: 376.3
...

Sheet Table S4.1
A1: Table S4.1: Deaths due to COVID-19, number and age-specific rates, by age and sex, 2023
A2: Back to contents
B3: Males | E3: Females | H3: Persons
A4: Age group | B4: Number | C4: ASR (deaths per 100,000) | E4: Number | F4: ASR (deaths per 100,000) | H4: Number | I4: ASR (deaths per 100,000)
A5: 0–14 | B5: 4 | C5: 0.2 | E5: 0 | F5: n.a. | H5: 4 | I5: 0.1
A6: 15–29 | B6: 3 | C6: 0.1 | E6: 1 | F6: 0 | H6: 4 | I6: 0.1
A7: 30–34 | B7: 4 | C7: 0.4 | E7: 5 | F7: 0.5 | H7: 9 | I7: 0.5
A8: 35–39 | B8: 2 | C8: 0.2 | E8: 5 | F8: 0.5 | H8: 7 | I8: 0.4
A9: 40–44 | B9: 8 | C9: 0.9 | E9: 4 | F9: 0.4 | H9: 12 | I9: 0.7
A10: 45–49 | B10: 10 | C10: 1.3 | E10: 7 | F10: 0.9 | H10: 17 | I10: 1.1
A11: 50–54 | B11: 24 | C11: 2.9 | E11: 12 | F11: 1.4 | H11: 36 | I11: 2.1
A12: 55–59 | B12: 28 | C12: 3.7 | E12: 17 | F12: 2.2 | H12: 45 | I12: 2.9
A13: 60–64 | B13: 63 | C13: 8.5 | E13: 49 | F13: 6.3 | H13: 112 | I13: 7.4
A14: 65–69 | B14: 128 | C14: 20.1 | E14: 80 | F14: 11.6 | H14: 208 | I14: 15.7
A15: 70–74 | B15: 214 | C15: 38.6 | E15: 118 | F15: 19.6 | H15: 332 | I15: 28.7
A16: 75–79 | B16: 351 | C16: 78.8 | E16: 224 | F16: 46.2 | H16: 575 | I16: 61.8
A17: 80–84 | B17: 497 | C17: 184.8 | E17: 372 | F17: 118.4 | H17: 869 | I17: 149
... A19: All ages | B19: 2644 | C19: 20 | E19: 2357 | F19: 17.6 | H19: 5001 | I19: 18.8
A20: ASR | B20: age-standardised rate
A21: Notes
A22: 1. Year refers to year of registration of death. Deaths registered in 2023 are based on the preliminary version of cause of death data and are subject to further revision by the Australian Bureau of Statistics (ABS).
A23: 2. Deaths from COVID-19 are coded to ICD-10 codes U07.1 (COVID-19, virus identified), U07.2 (COVID-19, virus not identified) or U10.9 (Multisystem inflammatory syndrome associated with COVID-19, unspecified). In this table, only deaths where COVID-19 was the underlying cause of death are included.
A24: 3. Age-specific rates are calculated using the sum of estimated resident populations at 30 June for each year, sex and age group. Rates are expressed as deaths per 100,000 population.
A25: Source: AIHW (2025) General Record of Incidence of Mortality (GRIM) books (2023): Coronavirus disease 2019 (COVID-19), AIHW, Australian Government. https://www.aihw.gov.au/reports/life-expectancy-deaths/grim-books/contents/grim-excel-workbooks

Sheet Table S5.1
A1: Table S5.1: Potentially avoidable deaths (among people aged under 75), numbers, per cent and rates, by sex, 1997–2023
A2: Back to contents
B3: Males | G3: Females | L3: Persons
A4: Year | B4: Number | C4: Per cent | D4: Crude rate (deaths per 100,000) | E4: ASR (deaths per 100,000) | G4: Number | H4: Per cent | I4: Crude rate (deaths per 100,000) | J4: ASR (deaths per 100,000) | L4: Number | M4: Per cent | N4: Crude rate (deaths per 100,000) | O4: ASR (deaths per 100,000)
A5: 1997 | B5: 21270 | C5: 59.8 | D5: 241.8 | E5: 252.9 | G5: 11942 | H5: 58.1 | I5: 137.5 | J5: 136.2 | L5: 33212 | M5: 59.2 | N5: 190 | O5: 193.2
A6: 1998 | B6: 20550 | C6: 59.3 | D6: 231.8 | E6: 240.4 | G6: 11304 | H6: 57.4 | I6: 129 | J6: 127.5 | L6: 31854 | M6: 58.6 | N6: 180.7 | O6: 182.8
A7: 1999 | B7: 20232 | C7: 59.3 | D7: 226.2 | E7: 232.9 | G7: 10858 | H7: 56.2 | I7: 122.7 | J7: 121 | L7: 31090 | M7: 58.2 | N7: 174.8 | O7: 176
A8: 2000 | B8: 19218 | C8: 58.5 | D8: 212.8 | E8: 218 | G8: 10846 | H8: 56.8 | I8: 121.4 | J8: 119.4 | L8: 30064 | M8: 57.9 | N8: 167.3 | O8: 167.9
A9: 2001 | B9: 18857 | C9: 58.4 | D9: 206.6 | E9: 210.4 | G9: 10493 | H9: 55.8 | I9: 116.1 | J9: 113.9 | L9: 29350 | M9: 57.4 | N9: 161.6 | O9: 161.5
A10: 2002 | B10: 18366 | C10: 57.5 | D10: 199.1 | E10: 201.8 | G10: 10306 | H10: 54.1 | I10: 112.9 | J10: 110.4 | L10: 28672 | M10: 56.2 | N10: 156.2 | O10: 155.6
A11: 2003 | B11: 17950 | C11: 56.8 | D11: 192.6 | E11: 194.6 | G11: 9863 | H11: 53.7 | I11: 106.9 | J11: 104.3 | L11: 27813 | M11: 55.7 | N11: 150 | O11: 148.9
A12: 2004 | B12: 17158 | C12: 55.6 | D12: 182.3 | E12: 183.4 | G12: 9552 | H12: 52.8 | I12: 102.5 | J12: 99.5 | L12: 26710 | M12: 54.6 | N12: 142.6 | O12: 140.9
A13: 2005 | B13: 16702 | C13: 55.4 | D13: 175.5 | E13: 175.3 | G13: 9212 | H13: 51.8 | I13: 97.8 | J13: 94.5 | L13: 25914 | M13: 54.1 | N13: 136.8 | O13: 134.4
A14: 2006 | B14: 16338 | C14: 54.7 | D14: 169.5 | E14: 168.1 | G14: 9173 | H14: 51.8 | I14: 96.1 | J14: 92.5 | L14: 25511 | M14: 53.7 | N14: 133 | O14: 129.9
A15: 2007 | B15: 16341 | C15: 53.8 | D15: 166.4 | E15: 163.5 | G15: 9348 | H15: 50.9 | I15: 96.3 | J15: 91.5 | L15: 25689 | M15: 52.7 | N15: 131.5 | O15: 127.2
A16: 2008 | B16: 16790 | C16: 54 | D16: 167.4 | E16: 163.7 | G16: 9596 | H16: 51.6 | I16: 96.9 | J16: 91.4 | L16: 26386 | M16: 53.1 | N16: 132.4 | O16: 127.2
... A31: 2023 | B31: 17805 | C31: 49.5 | D31: 144.8 | E31: 126.1 | G31: 10307 | H31: 45.8 | I31: 83.9 | J31: 69.2 | L31: 28112 | M31: 48.1 | N31: 114.4 | O31: 97
A32: ASR | B32: age-standardised rate
A33: Notes
A34: 1. Year refers to year of registration of death. Deaths registered in 2020 and earlier are based on the final version of cause of death data; deaths registered in 2021 are based on the revised version; deaths registered in 2022 and 2023 are based on the preliminary version. Revised and preliminary versions are subject to further revision by the Australian Bureau of Statistics.
A35: 2. Comparisons of potentially avoidable deaths to years which include deaths that are not in final verison (2021, 2022, 2023) should be interpreted with caution.
A36: 3. Data is presented by year of registration of death. Prior to the 2022 data release, data was presented by the reference year in which the death was received and processed by the Australian Bureau of Statistics. As a result, data in this table may not equal previously published data for these years. For more detail, refer to Data collection: Presentation of mortality data in Causes of death, Australia, methodology, 2022 (https://www.abs.gov.au/methodologies/causes-death-australia-methodology/2022#data-collection).
A37: 4. Potentially avoidable deaths are deaths from conditions that are potentially preventable through individualised care and/or treatable through existing primary or hospital care. They are classified using nationally agreed definitions based on cause of death for people aged less than 75 (AIHW 2021. National Healthcare Agreement: PI 16—Potentially avoidable deaths, 2022. Viewed 07 January 2025, <https://meteor.aihw.gov.au/content/index.phtml/itemId/740864>).
A38: 5. Per cent of all deaths of people aged under 75 years.
A39: 6. Rates are expressed as deaths per 100,000 population. Crude rates are calculated using the estimated resident population at 30 June for each year. Age-standardised rates are directly standardised to the Australian estimated resident population at 30 June 2001.
A40: Source: AIHW National Mortality Database.

Sheet Table S5.2
A1: Table S5.2: Potentially avoidable causes of death (among people aged under 75), number, per cent and rates (deaths per 100,000 population), by sex and broad cause groups, 2023
A2: Back to contents
A3: Males | G3: Females | M3: Persons
A4: Broad cause of death group | B4: Number | C4: Per cent | D4: Crude rate (deaths per 100,000) | E4: ASR (deaths per 100,000) | G4: Broad cause of death group | H4: Number | I4: Per cent | J4: Crude rate (deaths per 100,000) | K4: ASR (deaths per 100,000) | M4: Broad cause of death group | N4: Number | O4: Per cent | P4: Crude rate (deaths per 100,000) | Q4: ASR (deaths per 100,000)
A5: Infections | B5: 517 | C5: 1.4 | D5: 4.2 | E5: 3.6 | G5: Infections | H5: 411 | I5: 1.8 | J5: 3.3 | K5: 2.7 | M5: Infections | N5: 928 | O5: 1.6 | P5: 3.8 | Q5: 3.1
A6: Cancer | B6: 3168 | C6: 8.8 | D6: 25.8 | E6: 21 | G6: Cancer | H6: 3266 | I6: 14.5 | J6: 26.6 | K6: 21.7 | M6: Cancer | N6: 6434 | O6: 11 | P6: 26.2 | Q6: 21.3
A7: Diabetes | B7: 1169 | C7: 3.3 | D7: 9.5 | E7: 7.8 | G7: Diabetes | H7: 669 | I7: 3 | J7: 5.4 | K7: 4.2 | M7: Diabetes | N7: 1838 | O7: 3.1 | P7: 7.5 | Q7: 6
A8: Diseases of the circulatory system | B8: 5687 | C8: 15.8 | D8: 46.3 | E8: 38.3 | G8: Diseases of the circulatory system | H8: 2459 | I8: 10.9 | J8: 20 | K8: 15.5 | M8: Diseases of the circulatory system | N8: 8146 | O8: 13.9 | P8: 33.1 | Q8: 26.6
A9: Diseases of the genitourinary system | B9: 234 | C9: 0.7 | D9: 1.9 | E9: 1.5 | G9: Diseases of the genitourinary system | H9: 155 | I9: 0.7 | J9: 1.3 | K9: 1 | M9: Diseases of the genitourinary system | N9: 389 | O9: 0.7 | P9: 1.6 | Q9: 1.2
A10: Diseases of the respiratory system | B10: 1395 | C10: 3.9 | D10: 11.3 | E10: 9 | G10: Diseases of the respiratory system | H10: 1219 | I10: 5.4 | J10: 9.9 | K10: 7.4 | M10: Diseases of the respiratory system | N10: 2614 | O10: 4.5 | P10: 10.6 | Q10: 8.1
A11: Diseases of the digestive system | B11: 71 | C11: 0.2 | D11: 0.6 | E11: 0.5 | G11: Diseases of the digestive system | H11: 35 | I11: 0.2 | J11: 0.3 | K11: 0.2 | M11: Diseases of the digestive system | N11: 106 | O11: 0.2 | P11: 0.4 | Q11: 0.4
A12: Maternal & infant causes | B12: 304 | C12: 0.8 | D12: 2.5 | E12: 2.7 | G12: Maternal & infant causes | H12: 220 | I12: 1 | J12: 1.8 | K12: 2.1 | M12: Maternal & infant causes | N12: 524 | O12: 0.9 | P12: 2.1 | Q12: 2.4
A13: Other conditions | B13: 0 | C13: .. | D13: .. | E13: .. | G13: Other conditions | H13: 17 | I13: 0.1 | J13: 0.1 | K13: 0.1 | M13: Other conditions | N13: 17 | O13: 0 | P13: 0.1 | Q13: 0.1
A14: External causes | B14: 5260 | C14: 14.6 | D14: 42.8 | E14: 41.6 | G14: External causes | H14: 1856 | I14: 8.2 | J14: 15.1 | K14: 14.3 | M14: External causes | N14: 7116 | O14: 12.2 | P14: 29 | Q14: 27.8
A15: Total potentially avoidable | B15: 17805 | C15: 49.5 | D15: 144.8 | E15: 126.1 | G15: Total potentially avoidable | H15: 10307 | I15: 45.8 | J15: 83.9 | K15: 69.2 | M15: Total potentially avoidable | N15: 28112 | O15: 48.1 | P15: 114.4 | Q15: 97
A16: All other deaths less than age 75 | B16: 18150 | C16: 50.5 | D16: 147.6 | E16: 123 | G16: All other deaths less than age 75 | H16: 12206 | I16: 54.2 | J16: 99.4 | K16: 78.3 | M16: All other deaths less than age 75 | N16: 30356 | O16: 51.9 | P16: 123.5 | Q16: 100
A17: Total deaths less than age 75 | B17: 35955 | C17: 100 | D17: 292.4 | E17: 249 | G17: Total deaths less than age 75 | H17: 22513 | I17: 100 | J17: 183.3 | K17: 147.5 | M17: Total deaths less than age 75 | N17: 58468 | O17: 100 | P17: 237.9 | Q17: 197.1
A18: ASR age-standardised rate
A19: COPD Chronic obstructive pulmonary disease
A20: .. not applicable
A21: Notes
A22: 1. Deaths are counted according to year of registration of death.
A23: 2. Deaths registered in 2023 are based on the preliminary versionand are subject to further revision by the Australian Bureau of Statistics.
A24: 3. Potentially avoidable deaths are deaths from conditions that are potentially preventable through individualised care and/or treatable through existing primary or hospital care. They are classified using nationally agreed definitions based on cause of death for people aged less than 75 (AIHW 2021. National Healthcare Agreement: PI 16—Potentially avoidable deaths, 2022. Viewed 07 January 2025, <https://meteor.aihw.gov.au/content/index.phtml/itemId/740864>).
A25: 4. Other conditions includes complications of pregnancy, labour or the puerperium.
A26: 5. Per cent of total deaths less than age 75.
A27: Source: AIHW National Mortality Database.

Sheet Table S5.3
A1: Table S5.3: Leading potentially avoidable deaths (among people aged under 75), number, per cent and rates (deaths per 100,000 population), by sex, 2023
A2: Back to contents
B3: Males | I3: Females | P3: Persons
A4: Rank | B4: Cause of death | C4: Number | D4: Per cent | E4: Crude rate (deaths per 100,000) | F4: ASR (deaths per 100,000) | H4: Rank | I4: Cause of death | J4: Number | K4: Per cent | L4: Crude rate (deaths per 100,000) | M4: ASR (deaths per 100,000) | O4: Rank | P4: Cause of death | Q4: Number | R4: Per cent | S4: Crude rate (deaths per 100,000) | T4: ASR (deaths per 100,000)
A5: 1 | B5: Coronary (ischaemic) heart disease | C5: 3888 | D5: 10.8 | E5: 31.6 | F5: 26.3 | H5: 1 | I5: Breast cancer | J5: 1667 | K5: 7.4 | L5: 13.6 | M5: 11 | O5: 1 | P5: Coronary (ischaemic) heart disease | Q5: 5039 | R5: 8.6 | S5: 20.5 | T5: 16.5
A6: 2 | B6: Suicide and self-inflicted injuries | C6: 2212 | D6: 6.2 | E6: 18 | F6: 17.7 | H6: 2 | I6: Coronary (ischaemic) heart disease | J6: 1151 | K6: 5.1 | L6: 9.4 | M6: 7.2 | O6: 2 | P6: Suicide and self-inflicted injuries | Q6: 2945 | R6: 5 | S6: 12 | T6: 11.7
A7: 3 | B7: Cancer of the colon, sigmoid, rectum and anus | C7: 1362 | D7: 3.8 | E7: 11.1 | F7: 9.3 | H7: 3 | I7: COPD | J7: 1100 | K7: 4.9 | L7: 9 | M7: 6.5 | O7: 3 | P7: COPD | Q7: 2414 | R7: 4.1 | S7: 9.8 | T7: 7.4
A8: 4 | B8: COPD | C8: 1314 | D8: 3.7 | E8: 10.7 | F8: 8.4 | H8: 4 | I8: Cancer of the colon, sigmoid, rectum and anus | J8: 973 | K8: 4.3 | L8: 7.9 | M8: 6.5 | O8: 4 | P8: Cancer of the colon, sigmoid, rectum and anus | Q8: 2335 | R8: 4 | S8: 9.5 | T8: 7.8
A9: 5 | B9: Diabetes | C9: 1169 | D9: 3.3 | E9: 9.5 | F9: 7.8 | H9: 5 | I9: Cerebrovascular diseases | J9: 815 | K9: 3.6 | L9: 6.6 | M9: 5.2 | O9: 5 | P9: Diabetes | Q9: 1838 | R9: 3.1 | S9: 7.5 | T9: 6
A10: 6 | B10: Cerebrovascular diseases | C10: 1019 | D10: 2.8 | E10: 8.3 | F10: 6.8 | H10: 6 | I10: Suicide and self-inflicted injuries | J10: 733 | K10: 3.3 | L10: 6 | M10: 5.9 | O10: 6 | P10: Cerebrovascular diseases | Q10: 1834 | R10: 3.1 | S10: 7.5 | T10: 6
A11: 7 | B11: Transport accidents | C11: 949 | D11: 2.6 | E11: 7.7 | F11: 7.5 | H11: 7 | I11: Diabetes | J11: 669 | K11: 3 | L11: 5.4 | M11: 4.2 | O11: 7 | P11: Breast cancer | Q11: 1667 | R11: 2.9 | S11: 6.8 | T11: 5.6
A12: 8 | B12: Accidental poisoning | C12: 853 | D12: 2.4 | E12: 6.9 | F12: 7.1 | H12: 8 | I12: Accidental poisoning | J12: 321 | K12: 1.4 | L12: 2.6 | M12: 2.5 | O12: 8 | P12: Transport accidents | Q12: 1227 | R12: 2.1 | S12: 5 | T12: 4.9
A13: 9 | B13: Prostate cancer | C13: 800 | D13: 2.2 | E13: 6.5 | F13: 5 | H13: 9 | I13: Selected invasive infections | J13: 313 | K13: 1.4 | L13: 2.5 | M13: 2 | O13: 9 | P13: Accidental poisoning | Q13: 1174 | R13: 2 | S13: 4.8 | T13: 4.8
A14: 10 | B14: Skin cancer | C14: 596 | D14: 1.7 | E14: 4.8 | F14: 4 | H14: 10 | I14: Transport accidents | J14: 278 | K14: 1.2 | L14: 2.3 | M14: 2.2 | O14: 10 | P14: Skin cancer | Q14: 836 | R14: 1.4 | S14: 3.4 | T14: 2.8
A15: 11 | B15: Falls | C15: 364 | D15: 1 | E15: 3 | F15: 2.4 | H15: 11 | I15: Skin cancer | J15: 240 | K15: 1.1 | L15: 2 | M15: 1.6 | O15: 11 | P15: Prostate cancer | Q15: 800 | R15: 1.4 | S15: 3.3 | T15: 2.4
A16: 12 | B16: Selected invasive infections | C16: 364 | D16: 1 | E16: 3 | F16: 2.5 | H16: 12 | I16: Complications of the perinatal period | J16: 220 | K16: 1 | L16: 1.8 | M16: 2.1 | O16: 12 | P16: Selected invasive infections | Q16: 677 | R16: 1.2 | S16: 2.8 | T16: 2.3
... A24: 20 | B24: Accidental drowning and submersion | C24: 135 | D24: 0.4 | E24: 1.1 | F24: 1.1 | H24: 20 | I24: Kidney cancer | J24: 110 | K24: 0.5 | L24: 0.9 | M24: 0.7 | O24: 20 | P24: Cervical cancer | Q24: 210 | R24: 0.4 | S24: 0.9 | T24: 0.8
B25: Total potentially avoidable | C25: 17805 | D25: 49.5 | E25: 144.8 | F25: 126.1 | I25: Total potentially avoidable | J25: 10307 | K25: 45.8 | L25: 83.9 | M25: 69.2 | P25: Total potentially avoidable | Q25: 28112 | R25: 48.1 | S25: 114.4 | T25: 97
B26: All other deaths less than age 75 | C26: 18150 | D26: 50.5 | E26: 147.6 | F26: 123 | I26: All other deaths less than age 75 | J26: 12206 | K26: 54.2 | L26: 99.4 | M26: 78.3 | P26: All other deaths less than age 75 | Q26: 30356 | R26: 51.9 | S26: 123.5 | T26: 100
B27: Total deaths less than age 75 | C27: 35955 | D27: 100 | E27: 292.4 | F27: 249 | I27: Total deaths less than age 75 | J27: 22513 | K27: 100 | L27: 183.3 | M27: 147.5 | P27: Total deaths less than age 75 | Q27: 58468 | R27: 100 | S27: 237.9 | T27: 197.1
A28: ASR | B28: age-standardised rate
A29: COPD | B29: Chronic obstructive pulmonary disease
A30: Notes
A31: 1. Deaths are counted according to year of registration of death.
A32: 2. Deaths registered in 2023 are based on the preliminary versionand are subject to further revision by the Australian Bureau of Statistics.
A33: 3. Potentially avoidable deaths are deaths from conditions that are potentially preventable through individualised care and/or treatable through existing primary or hospital care. They are classified using nationally agreed definitions based on cause of death for people aged less than 75 (AIHW 2021. National Healthcare Agreement: PI 16—Potentially avoidable deaths, 2022. Viewed 07 January 2025, <https://meteor.aihw.gov.au/content/index.phtml/itemId/740864>).
A34: 4. Leading 20 causes of potentially avoidable deaths. Deaths with counts less than 20 were excluded from the table. Any causes of death with sex breakdowns resulting in the re-identification of small numbers were also excluded.
A35: Source: AIHW National Mortality Database.

Sheet Table S6.1
A1: Table S6.1: Deaths, number and rates, by sex, 1907–2023
A2: Back to contents
B3: Males | F3: Females | J3: Persons
A4: Year | B4: Number | C4: Crude rate (deaths per 100,000) | D4: ASR (deaths per 100,000) | F4: Number | G4: Crude rate (deaths per 100,000) | H4: ASR (deaths per 100,000) | J4: Number | K4: Crude rate (deaths per 100,000) | L4: ASR (deaths per 100,000)
A5: 1907 | B5: 25939 | C5: 1190.4 | D5: 2234.2 | F5: 19366 | G5: 966.6 | H5: 1844.4 | J5: 45305 | K5: 1083.2 | L5: 2054.2
A6: 1908 | B6: 26632 | C6: 1203.7 | D6: 2279.6 | F6: 19794 | G6: 971.2 | H6: 1851.2 | J6: 46426 | K6: 1092.2 | L6: 2079.3
A7: 1909 | B7: 25514 | C7: 1136 | D7: 2130.5 | F7: 18658 | G7: 900.2 | H7: 1691.4 | J7: 44172 | K7: 1022.8 | L7: 1925.2
A8: 1910 | B8: 26154 | C8: 1147.3 | D8: 2106.4 | F8: 19436 | G8: 922.3 | H8: 1735.9 | J8: 45590 | K8: 1039.2 | L8: 1933
A9: 1911 | B9: 27591 | C9: 1192.8 | D9: 2241.7 | F9: 20278 | G9: 946.7 | H9: 1820.5 | J9: 47869 | K9: 1074.5 | L9: 2043.4
A10: 1912 | B10: 30285 | C10: 1283.8 | D10: 2322 | F10: 21892 | G10: 996.9 | H10: 1851.6 | J10: 52177 | K10: 1145.5 | L10: 2099.8
A11: 1913 | B11: 29859 | C11: 1241.6 | D11: 2229.4 | F11: 21930 | G11: 974.6 | H11: 1798.2 | J11: 51789 | K11: 1112.5 | L11: 2025
A12: 1914 | B12: 29835 | C12: 1217.4 | D12: 2188.2 | F12: 21885 | G12: 949.7 | H12: 1778 | J12: 51720 | K12: 1087.7 | L12: 1992.5
A13: 1915 | B13: 30654 | C13: 1227.8 | D13: 2255.1 | F13: 22128 | G13: 938.2 | H13: 1768.9 | J13: 52782 | K13: 1087.2 | L13: 2020.8
A14: 1916 | B14: 31018 | C14: 1220 | D14: 2261.8 | F14: 23179 | G14: 960.8 | H14: 1779.4 | J14: 54197 | K14: 1093.8 | L14: 2027.7
A15: 1917 | B15: 27609 | C15: 1066.7 | D15: 2040.2 | F15: 20420 | G15: 827.8 | H15: 1595 | J15: 48029 | K15: 950.1 | L15: 1822.8
A16: 1918 | B16: 28585 | C16: 1085.1 | D16: 2087.4 | F16: 21664 | G16: 859.4 | H16: 1681.3 | J16: 50249 | K16: 974.7 | L16: 1889.4
... A121: 2023 | B121: 96180 | C121: 726.8 | D121: 604.8 | F121: 86951 | G121: 647.9 | H121: 430.9 | J121: 183131 | K121: 687.1 | L121: 512.7
A122: ASR | B122: age-standardised rate
A123: Notes
A124: 1. Year refers to year of registration of death.
A125: 2. Data is presented by year of registration of death. Prior to the 2022 data release, data was presented by the reference year in which the death was received and processed by the Australian Bureau of Statistics. As a result, data in this table may not equal previously published data for these years. For more detail, refer to Data collection: Presentation of mortality data in Causes of death, Australia, methodology, 2022 (https://www.abs.gov.au/methodologies/causes-death-australia-methodology/2022#data-collection)
A126: 3. Rates are calculated using the sum of estimated resident populations at 30 June for each year. Rates are expressed as deaths per 100,000 population.
A127: Source: AIHW (2025) General Record of Incidence of Mortality (GRIM) books (2023): All causes combined, AIHW, Australian Government. https://www.aihw.gov.au/reports/life-expectancy-deaths/grim-books/contents/grim-excel-workbooks

Sheet Table S6.2
A1: Table S6.2: Deaths by broad cause of death, number and rates, 1907–2023
A2: Back to contents
B3: Cardiovascular diseases | F3: Cancers (all neoplasms) | J3: Respiratory diseases | N3: Infectious diseases | R3: Injury and poisoning | V3: Other | Z3: All causes
A4: Year | B4: Number | C4: Crude rate (deaths per 100,000) | D4: ASR (deaths per 100,000) | F4: Number | G4: Crude rate (deaths per 100,000) | H4: ASR (deaths per 100,000) | J4: Number | K4: Crude rate (deaths per 100,000) | L4: ASR (deaths per 100,000) | N4: Number | O4: Crude rate (deaths per 100,000) | P4: ASR (deaths per 100,000) | R4: Number | S4: Crude rate (deaths per 100,000) | T4: ASR (deaths per 100,000) | V4: Number | W4: Crude rate (deaths per 100,000) | X4: ASR (deaths per 100,000) | Z4: Number | AA4: Crude rate (deaths per 100,000) | AB4: ASR (deaths per 100,000)
A5: 1907 | B5: 6854 | C5: 163.87236 | D5: 410.23196 | F5: 3096 | G5: 74.0223 | H5: 163.80931 | J5: 5743 | K5: 137.30945 | L5: 292.95751 | N5: 12606 | O5: 301.397 | P5: 319.62343 | R5: 3172 | S5: 75.839384 | T5: 104.57895 | V5: 13834 | W5: 330.75726 | X5: 763.00474 | Z5: 45305 | AA5: 1083.1978 | AB5: 2054.2059
A6: 1908 | B6: 7241 | C6: 170.35067 | D6: 426.84861 | F6: 3066 | G6: 72.13025 | H6: 157.08047 | J6: 5292 | K6: 124.49879 | L6: 256.3725 | N6: 8859 | O6: 208.41549 | P6: 261.58026 | R6: 3444 | S6: 81.023021 | T6: 109.16768 | V6: 18524 | W6: 435.79281 | X6: 868.21768 | Z6: 46426 | AA6: 1092.211 | AB6: 2079.2672
A7: 1909 | B7: 7085 | C7: 164.05156 | D7: 405.33435 | F7: 3271 | G7: 75.739259 | H7: 162.11542 | J7: 4581 | K7: 106.07201 | L7: 225.07777 | N7: 9085 | O7: 210.3611 | P7: 251.52118 | R7: 3179 | S7: 73.60902 | T7: 95.498475 | V7: 16971 | W7: 392.95963 | X7: 785.6312 | Z7: 44172 | AA7: 1022.7926 | AB7: 1925.1784
A8: 1910 | B8: 7552 | C8: 172.1495 | D8: 424.39335 | F8: 3375 | G8: 76.933868 | H8: 167.99038 | J8: 4251 | K8: 96.902481 | L8: 208.87976 | N8: 8899 | O8: 202.85466 | P8: 245.40003 | R8: 3285 | S8: 74.882298 | T8: 101.14484 | V8: 18228 | W8: 415.51127 | X8: 785.19774 | Z8: 45590 | AA8: 1039.2341 | AB8: 1933.0061
A9: 1911 | B9: 8674 | C9: 194.70236 | D9: 479.7932 | F9: 3476 | G9: 78.024604 | H9: 169.65633 | J9: 5403 | K9: 121.27933 | L9: 251.69233 | N9: 10183 | O9: 228.57438 | P9: 263.5121 | R9: 3582 | S9: 80.40395 | T9: 106.48016 | V9: 16551 | W9: 371.51473 | X9: 772.27468 | Z9: 47869 | AA9: 1074.4994 | AB9: 2043.4088
A10: 1912 | B10: 9199 | C10: 201.95325 | D10: 478.72082 | F10: 3676 | G10: 80.702268 | H10: 169.81969 | J10: 5323 | K10: 116.86022 | L10: 239.89271 | N10: 8020 | O10: 176.06969 | P10: 204.82619 | R10: 3878 | S10: 85.136941 | T10: 111.05135 | V10: 22081 | W10: 484.76245 | X10: 895.46694 | Z10: 52177 | AA10: 1145.4848 | AB10: 2099.7777
A11: 1913 | B11: 9003 | C11: 193.40394 | D11: 459.08799 | F11: 3769 | G11: 80.966285 | H11: 169.85772 | J11: 5004 | K11: 107.49676 | L11: 221.72123 | N11: 9138 | O11: 196.30404 | P11: 235.55606 | R11: 3832 | S11: 82.319662 | T11: 105.66337 | V11: 21043 | W11: 452.04923 | X11: 833.10393 | Z11: 51789 | AA11: 1112.5399 | AB11: 2024.9903
A12: 1914 | B12: 8871 | C12: 186.5602 | D12: 444.4463 | F12: 3838 | G12: 80.714468 | H12: 168.66097 | J12: 5044 | K12: 106.07707 | L12: 216.14602 | N12: 10743 | O12: 225.92901 | P12: 222.75562 | R12: 3804 | S12: 79.999436 | T12: 102.71942 | V12: 19420 | W12: 408.40932 | X12: 837.78827 | Z12: 51720 | AA12: 1087.6895 | AB12: 1992.5166
A13: 1915 | B13: 8477 | C13: 174.60196 | D13: 410.80907 | F13: 3856 | G13: 79.422572 | H13: 163.98608 | J13: 5627 | K13: 115.90011 | L13: 227.66805 | N13: 8355 | O13: 172.0891 | P13: 174.86191 | R13: 3524 | S13: 72.584321 | T13: 98.393009 | V13: 22943 | W13: 472.56018 | X13: 945.03468 | Z13: 52782 | AA13: 1087.1582 | AB13: 2020.7528
A14: 1916 | B14: 8902 | C14: 179.65501 | D14: 422.51406 | F14: 4157 | G14: 83.894167 | H14: 169.94011 | J14: 5659 | K14: 114.20666 | L14: 227.06282 | N14: 6695 | O14: 135.11461 | P14: 146.39631 | R14: 3312 | S14: 66.840866 | T14: 88.791411 | V14: 25472 | W14: 514.06115 | X14: 973.02269 | Z14: 54197 | AA14: 1093.7725 | AB14: 2027.7274
A15: 1917 | B15: 8399 | C15: 166.15029 | D15: 383.62025 | F15: 4216 | G15: 83.401549 | H15: 173.16573 | J15: 4874 | K15: 96.418204 | L15: 198.78177 | N15: 7183 | O15: 142.09519 | P15: 153.73709 | R15: 3187 | S15: 63.045715 | T15: 82.679489 | V15: 20170 | W15: 399.00599 | X15: 830.82527 | Z15: 48029 | AA15: 950.11693 | AB15: 1822.8096
A16: 1918 | B16: 8578 | C16: 166.39924 | D16: 386.17272 | F16: 4420 | G16: 85.740809 | H16: 173.55643 | J16: 6363 | K16: 123.43185 | L16: 270.5248 | N16: 7030 | O16: 136.37056 | P16: 150.58599 | R16: 3151 | S16: 61.124273 | T16: 80.505334 | V16: 20707 | W16: 401.68211 | X16: 828.09653 | Z16: 50249 | AA16: 974.74885 | AB16: 1889.4418
... A121: 2023 | B121: 42597 | C121: 159.822 | D121: 115.38424 | F121: 52348 | G121: 196.4073 | H121: 149.16359 | J121: 15196 | K121: 57.0147 | L121: 41.38002 | N121: 3099 | O121: 11.62731 | P121: 8.48821 | R121: 12441 | S121: 46.67806 | T121: 40.0486 | V121: 57450 | W121: 215.54977 | X121: 158.27462 | Z121: 183131 | AA121: 687.09913 | AB121: 512.73928
A122: ASR | B122: age-standardised rate
A123: Notes
A124: 1. Year refers to year of registration of death. Deaths registered in 2020 and earlier are based on the final version of cause of death data; deaths registered in 2021 are based on the revised version; deaths registered in 2022 and 2023 are based on the preliminary version. Revised and preliminary versions are subject to further revision by the Australian Bureau of Statistics.
A125: 2. Data is presented by year of registration of death. Prior to the 2022 data release, data was presented by the reference year in which the death was received and processed by the Australian Bureau of Statistics. As a result, data in this table may not equal previously published data for these years. For more detail, refer to Data collection: Presentation of mortality data in Causes of death, Australia, methodology, 2022 (https://www.abs.gov.au/methodologies/causes-death-australia-methodology/2022#data-collection)
A126: 3. Broad causes of death are based on underlying cause of death and classified according International Statistical Classification of Diseases and Related Health Problems, 10th revision (ICD-10) chapters: cardiovascular diseases (I00–I99), cancers (C00–D48), respiratory diseases (J00–J48), infectious diseases (A00–B99), injury and poisoning (V01–Y98). Data for chapter-level causes of death are collated from the AIHW General Record of Incidence of Mortality (GRIM) books: GRIM0100 All certain infectious and parasitic diseases (A00–B99), GRIM0200 All neoplasms (C00-D48), GRIM0900 All diseases of the circulatory system (I00–I99), GRIM1000 All diseases of the respiratory system (J00–J99), and GRIM2000 All external causes of morbidity and mortality (V01–Y98)
A127: 4. The broad cause group 'Other' includes deaths that are not included in one of the specified broad causes in this table.
A128: 5. Rates are calculated using the sum of estimated resident populations at 30 June for each year. Rates are expressed as deaths per 100,000 population.
A129: Source: AIHW General Record of Incidence of Mortality (GRIM) books, https://www.aihw.gov.au/reports/life-expectancy-deaths/grim-books/contents/about; AIHW National Mortality Database

Sheet Table S6.3
A1: Table S6.3: Leading underlying causes of death, number, per cent of all deaths and age-standardised death rates, by sex, 2013
A2: Back to contents
A3: Males | G3: Females | M3: Persons
A4: Rank | B4: Cause of death | C4: Number | D4: Per cent | E4: ASR (deaths per 100,000) | G4: Rank | H4: Cause of death | I4: Number | J4: Per cent | K4: ASR (deaths per 100,000) | M4: Rank | N4: Cause of death | O4: Number | P4: Per cent | Q4: ASR (deaths per 100,000)
A5: 1 | B5: Coronary heart disease (I20–I25) | C5: 11083 | D5: 14.6 | E5: 94.4 | G5: 1 | H5: Coronary heart disease (I20–I25) | I5: 8775 | J5: 12.2 | K5: 50.3 | M5: 1 | N5: Coronary heart disease (I20–I25) | O5: 19858 | P5: 13.4 | Q5: 70.5
A6: 2 | B6: Lung cancer (C33, C34) | C6: 5000 | D6: 6.6 | E6: 41.4 | G6: 2 | H6: Dementia including Alzheimer's disease (F01, F03, G30) | I6: 7298 | J6: 10.1 | K6: 40 | M6: 2 | N6: Dementia including Alzheimer's disease (F01, F03, G30) | O6: 10965 | P6: 7.4 | Q6: 37.3
A7: 3 | B7: Cerebrovascular disease (I60–I69) | C7: 4184 | D7: 5.5 | E7: 36.3 | G7: 3 | H7: Cerebrovascular disease (I60–I69) | I7: 6386 | J7: 8.9 | K7: 37 | M7: 3 | N7: Cerebrovascular disease (I60–I69) | O7: 10570 | P7: 7.1 | Q7: 37.1
A8: 4 | B8: Dementia including Alzheimer's disease (F01, F03, G30) | C8: 3667 | D8: 4.8 | E8: 32.4 | G8: 4 | H8: Lung cancer (C33, C34) | I8: 3230 | J8: 4.5 | K8: 23 | M8: 4 | N8: Lung cancer (C33, C34) | O8: 8230 | P8: 5.6 | Q8: 31.3
A9: 5 | B9: Chronic obstructive pulmonary disease (J40–J44) | C9: 3589 | D9: 4.7 | E9: 30.9 | G9: 5 | H9: Chronic obstructive pulmonary disease (J40–J44) | I9: 2896 | J9: 4 | K9: 18.9 | M9: 5 | N9: Chronic obstructive pulmonary disease (J40–J44) | O9: 6485 | P9: 4.4 | Q9: 23.9
A10: 6 | B10: Prostate cancer (C61) | C10: 3127 | D10: 4.1 | E10: 26.9 | G10: 6 | H10: Breast cancer (C50) | I10: 2871 | J10: 4 | K10: 20.5 | M10: 6 | N10: Colorectal cancer (C18–C20, C26.0) | O10: 5326 | P10: 3.6 | Q10: 20
A11: 7 | B11: Colorectal cancer (C18–C20, C26.0) | C11: 2877 | D11: 3.8 | E11: 24.2 | G11: 7 | H11: Colorectal cancer (C18–C20, C26.0) | I11: 2449 | J11: 3.4 | K11: 16.5 | M11: 7 | N11: Diabetes (E10–E14) | O11: 4356 | P11: 2.9 | Q11: 16
A12: 8 | B12: Diabetes (E10–E14) | C12: 2318 | D12: 3 | E12: 19.8 | G12: 8 | H12: Diabetes (E10–E14) | I12: 2038 | J12: 2.8 | K12: 12.8 | M12: 8 | N12: Heart failure and complications and ill-defined heart disease (I50–I51) | O12: 3256 | P12: 2.2 | Q12: 11.3
A13: 9 | B13: Suicide (X60–X84, Y87.0) | C13: 1958 | D13: 2.6 | E13: 16.9 | G13: 9 | H13: Heart failure and complications and ill-defined heart disease (I50–I51) | I13: 1831 | J13: 2.5 | K13: 10.2 | M13: 9 | N13: Prostate cancer (C61) | O13: 3127 | P13: 2.1 | Q13: 11.4
A14: 10 | B14: Cancer of unknown or ill-defined primary site (C26, C39, C76–C80 excl. C26.0) | C14: 1505 | D14: 2 | E14: 12.7 | G14: 10 | H14: Hypertensive disease (I10–I15) | I14: 1393 | J14: 1.9 | K14: 7.7 | M14: 10 | N14: Breast cancer (C50) | O14: 2902 | P14: 2 | Q14: 11
A15: 11 | B15: Heart failure and complications and ill-defined heart disease (I50–I51) | C15: 1425 | D15: 1.9 | E15: 12.4 | G15: 11 | H15: Influenza and pneumonia (J09–J18) | I15: 1370 | J15: 1.9 | K15: 7.8 | M15: 11 | N15: Cancer of unknown or ill-defined primary site (C26, C39, C76–C80 excl. C26.0) | O15: 2864 | P15: 1.9 | Q15: 10.6
A16: 12 | B16: Pancreatic cancer (C25) | C16: 1345 | D16: 1.8 | E16: 11.1 | G16: 12 | H16: Cancer of unknown or ill-defined primary site (C26, C39, C76–C80 excl. C26.0) | I16: 1359 | J16: 1.9 | K16: 8.9 | M16: 12 | N16: Suicide (X60–X84, Y87.0) | O16: 2629 | P16: 1.8 | Q16: 11.2
... A24: 20 | B24: Kidney failure (N17–N19) | C24: 947 | D24: 1.2 | E24: 8.2 | G24: 20 | H24: Other ill-defined causes (R00–R94, R96–R99, I46.9, I95.9, I99, J96.0, J96.9, P28.5) | I24: 807 | J24: 1.1 | K24: 5 | M24: 20 | N24: Leukaemia (C91–C95) | O24: 1657 | P24: 1.1 | Q24: 6.3
B25: Leading 20 causes combined | C25: 50443 | D25: 66.3 | E25: 430.6 | H25: Leading 20 causes combined | I25: 49864 | J25: 69.1 | K25: 302.7 | N25: Leading 20 causes combined | O25: 97170 | P25: 65.5 | Q25: 351.3
B26: All causes | C26: 76134 | D26: 100 | E26: 649.6 | H26: All causes | I26: 72131 | J26: 100 | K26: 452.4 | N26: All causes | O26: 148265 | P26: 100 | Q26: 543.2
A27: ASR | B27: age-standardised rate
A28: .. | B28: not applicable
A29: Notes
A30: 1. Year refers to year of registration of death. Deaths registered in 2013 are based on the final version of cause of death data.
A31: 2. Leading causes of death are based on underlying causes of death and classified using an AIHW-modified version of Becker R, Sivli J, Ma Fat, L'Hours A, Laurenti R (2006). A method for deriving leading causes of death. Bulletin of the World Health Organization 84: 297–304. International Statistical Classification of Diseases and Related Health Problems, 10th revision (ICD-10) codes are presented in parentheses.
A32: 3. Rates are expressed as deaths per 100,000 population. Age-standardised rates are directly standardised to the Australian estimated resident population at 30 June 2001.
A33: Source: AIHW National Mortality Database.

Sheet Table S6.4
A1: Table S6.4: Leading underlying causes of death, number, per cent of all deaths and age-standardised death rates, by sex, 2013–2023
A2: Back to contents
A3: Males | E3: Females | I3: Persons
A4: Cause of death and year | B4: Number | C4: ASR (deaths per 100,000) | E4: Cause of death and year | F4: Number | G4: ASR (deaths per 100,000) | I4: Cause of death and year | J4: Number | K4: ASR (deaths per 100,000)
A5: Coronary heart disease (I20–I25) | E5: Coronary heart disease (I20–I25) | I5: Coronary heart disease (I20–I25)
A6: 2013 | B6: 11083 | C6: 94.449696 | E6: 2013 | F6: 8775 | G6: 50.294179 | I6: 2013 | J6: 19858 | K6: 70.45264
A7: 2014 | B7: 11138 | C7: 91.758686 | E7: 2014 | F7: 9131 | G7: 51.150627 | I7: 2014 | J7: 20269 | K7: 69.944427
A8: 2015 | B8: 11184 | C8: 89.367327 | E8: 2015 | F8: 8742 | G8: 47.982427 | I8: 2015 | J8: 19926 | K8: 67.034093
A9: 2016 | B9: 11063 | C9: 85.500032 | E9: 2016 | F9: 8291 | G9: 44.632883 | I9: 2016 | J9: 19354 | K9: 63.380657
A10: 2017 | B10: 10842 | C10: 81.389914 | E10: 2017 | F10: 8201 | G10: 43.404793 | I10: 2017 | J10: 19043 | K10: 61.01831
A11: 2018 | B11: 10665 | C11: 77.682233 | E11: 2018 | F11: 7418 | G11: 38.748271 | I11: 2018 | J11: 18083 | K11: 56.682853
A12: 2019 | B12: 10633 | C12: 75.121864 | E12: 2019 | F12: 7368 | G12: 37.698198 | I12: 2019 | J12: 18001 | K12: 55.050797
A13: 2020 | B13: 10208 | C13: 69.759015 | E13: 2020 | F13: 6629 | G13: 33.022395 | I13: 2020 | J13: 16837 | K13: 50.06208
A14: 2021 | B14: 10463 | C14: 69.270271 | E14: 2021 | F14: 6984 | G14: 33.951564 | I14: 2021 | J14: 17447 | K14: 50.377712
A15: 2022 | B15: 11399 | C15: 73.097757 | E15: 2022 | F15: 7383 | G15: 35.29954 | I15: 2022 | J15: 18782 | K15: 52.896617
A16: 2023 | B16: 10343 | C16: 64.398761 | E16: 2023 | F16: 6579 | G16: 30.832774 | I16: 2023 | J16: 16922 | K16: 46.432373
A17: Dementia including Alzheimer's disease (F01, F03, G30) | E17: Dementia including Alzheimer's disease (F01, F03, G30) | I17: Dementia including Alzheimer's disease (F01, F03, G30)
A18: 2013 | B18: 3667 | C18: 32.364278 | E18: 2013 | F18: 7298 | G18: 40.034964 | I18: 2013 | J18: 10965 | K18: 37.296387
A19: 2014 | B19: 4116 | C19: 34.78099 | E19: 2014 | F19: 7882 | G19: 42.300593 | I19: 2014 | J19: 11998 | K19: 39.552138
A20: 2015 | B20: 4384 | C20: 35.663125 | E20: 2015 | F20: 8257 | G20: 43.286233 | I20: 2015 | J20: 12641 | K20: 40.469843
A21: 2016 | B21: 4795 | C21: 37.63001 | E21: 2016 | F21: 8589 | G21: 44.009546 | I21: 2016 | J21: 13384 | K21: 41.706411
A22: 2017 | B22: 4978 | C22: 37.771398 | E22: 2017 | F22: 9013 | G22: 45.407408 | I22: 2017 | J22: 13991 | K22: 42.549475
A23: 2018 | B23: 5076 | C23: 37.404866 | E23: 2018 | F23: 9146 | G23: 45.212503 | I23: 2018 | J23: 14222 | K23: 42.277584
A24: 2019 | B24: 5498 | C24: 39.147299 | E24: 2019 | F24: 9656 | G24: 46.835043 | I24: 2019 | J24: 15154 | K24: 43.889789
A25: 2020 | B25: 5317 | C25: 36.458578 | E25: 2020 | F25: 9442 | G25: 44.760742 | I25: 2020 | J25: 14759 | K25: 41.512536
A26: 2021 | B26: 5672 | C26: 37.372014 | E26: 2021 | F26: 10285 | G26: 47.617583 | I26: 2021 | J26: 15957 | K26: 43.511167
A27: 2022 | B27: 6131 | C27: 38.915434 | E27: 2022 | F27: 10980 | G27: 49.666379 | I27: 2022 | J27: 17111 | K27: 45.333606
A28: 2023 | B28: 6111 | C28: 37.480701 | E28: 2023 | F28: 10574 | G28: 46.889075 | I28: 2023 | J28: 16685 | K28: 43.044899
A29: Cerebrovascular disease (I60–I69) | E29: Cerebrovascular disease (I60–I69) | I29: Cerebrovascular disease (I60–I69)
A30: 2013 | B30: 4184 | C30: 36.283395 | E30: 2013 | F30: 6386 | G30: 37.029353 | I30: 2013 | J30: 10570 | K30: 37.097423
A31: 2014 | B31: 4270 | C31: 35.766977 | E31: 2014 | F31: 6475 | G31: 36.546212 | I31: 2014 | J31: 10745 | K31: 36.633073
A32: 2015 | B32: 4367 | C32: 35.251871 | E32: 2015 | F32: 6504 | G32: 35.705918 | I32: 2015 | J32: 10871 | K32: 35.919175
A33: 2016 | B33: 4274 | C33: 33.41843 | E33: 2016 | F33: 6259 | G33: 34.050316 | I33: 2016 | J33: 10533 | K33: 34.194803
A34: 2017 | B34: 4357 | C34: 32.972842 | E34: 2017 | F34: 5941 | G34: 31.861345 | I34: 2017 | J34: 10298 | K34: 32.605322
A35: 2018 | B35: 4218 | C35: 30.936279 | E35: 2018 | F35: 5881 | G35: 30.940674 | I35: 2018 | J35: 10099 | K35: 31.262698
A36: 2019 | B36: 4096 | C36: 29.15158 | E36: 2019 | F36: 5764 | G36: 29.608278 | I36: 2019 | J36: 9860 | K36: 29.71898
A37: 2020 | B37: 4016 | C37: 27.531757 | E37: 2020 | F37: 5523 | G37: 27.728841 | I37: 2020 | J37: 9539 | K37: 27.912634
A38: 2021 | B38: 4197 | C38: 27.731427 | E38: 2021 | F38: 5642 | G38: 27.673732 | I38: 2021 | J38: 9839 | K38: 27.950277
A39: 2022 | B39: 4321 | C39: 27.679056 | E39: 2022 | F39: 5517 | G39: 26.424311 | I39: 2022 | J39: 9838 | K39: 27.197495
A40: 2023 | B40: 4096 | C40: 25.33992 | E40: 2023 | F40: 5263 | G40: 24.739814 | I40: 2023 | J40: 9359 | K40: 25.205271
A41: Lung cancer (C33, C34) | E41: Lung cancer (C33, C34) | I41: Lung cancer (C33, C34)
A42: 2013 | B42: 5000 | C42: 41.435473 | E42: 2013 | F42: 3230 | G42: 22.984207 | I42: 2013 | J42: 8230 | K42: 31.313493
A43: 2014 | B43: 4962 | C43: 40.003 | E43: 2014 | F43: 3312 | G43: 22.983424 | I43: 2014 | J43: 8274 | K43: 30.660983
A44: 2015 | B44: 4996 | C44: 39.225333 | E44: 2015 | F44: 3482 | G44: 23.654284 | I44: 2015 | J44: 8478 | K44: 30.677041
A45: 2016 | B45: 5036 | C45: 38.313397 | E45: 2016 | F45: 3404 | G45: 22.579361 | I45: 2016 | J45: 8440 | K45: 29.665085
A46: 2017 | B46: 4932 | C46: 36.19747 | E46: 2017 | F46: 3359 | G46: 21.416303 | I46: 2017 | J46: 8291 | K46: 28.137863
A47: 2018 | B47: 5040 | C47: 35.879412 | E47: 2018 | F47: 3623 | G47: 22.604837 | I47: 2018 | J47: 8663 | K47: 28.686085
A48: 2019 | B48: 5151 | C48: 35.715957 | E48: 2019 | F48: 3603 | G48: 21.796874 | I48: 2019 | J48: 8754 | K48: 28.144979
A49: 2020 | B49: 4763 | C49: 31.807198 | E49: 2020 | F49: 3714 | G49: 21.653235 | I49: 2020 | J49: 8477 | K49: 26.290007
A50: 2021 | B50: 4971 | C50: 32.209088 | E50: 2021 | F50: 3706 | G50: 21.003251 | I50: 2021 | J50: 8677 | K50: 26.111679
A51: 2022 | B51: 5147 | C51: 32.375163 | E51: 2022 | F51: 3904 | G51: 21.558628 | I51: 2022 | J51: 9051 | K51: 26.515224
A52: 2023 | B52: 5194 | C52: 31.801541 | E52: 2023 | F52: 3782 | G52: 20.215763 | I52: 2023 | J52: 8976 | K52: 25.560039
A53: Chronic obstructive pulmonary disease (J40–J44) | E53: Chronic obstructive pulmonary disease (J40–J44) | I53: Chronic obstructive pulmonary disease (J40–J44)
A54: 2013 | B54: 3589 | C54: 30.874972 | E54: 2013 | F54: 2896 | G54: 18.860104 | I54: 2013 | J54: 6485 | K54: 23.885201
A55: 2014 | B55: 3924 | C55: 32.570128 | E55: 2014 | F55: 3123 | G55: 19.866701 | I55: 2014 | J55: 7047 | K55: 25.195398
A56: 2015 | B56: 3852 | C56: 30.854393 | E56: 2015 | F56: 3349 | G56: 20.653781 | I56: 2015 | J56: 7201 | K56: 24.98235
A57: 2016 | B57: 3950 | C57: 30.60503 | E57: 2016 | F57: 3336 | G57: 20.097987 | I57: 2016 | J57: 7286 | K57: 24.55968
A58: 2017 | B58: 4079 | C58: 30.608639 | E58: 2017 | F58: 3556 | G58: 21.084295 | I58: 2017 | J58: 7635 | K58: 25.153609
A59: 2018 | B59: 3860 | C59: 27.980443 | E59: 2018 | F59: 3382 | G59: 19.502142 | I59: 2018 | J59: 7242 | K59: 23.157699
A60: 2019 | B60: 3962 | C60: 27.775289 | E60: 2019 | F60: 3574 | G60: 20.104043 | I60: 2019 | J60: 7536 | K60: 23.436431
A61: 2020 | B61: 3483 | C61: 23.481256 | E61: 2020 | F61: 2921 | G61: 16.030877 | I61: 2020 | J61: 6404 | K61: 19.287036
A62: 2021 | B62: 3722 | C62: 24.259745 | E62: 2021 | F62: 3313 | G62: 17.684408 | I62: 2021 | J62: 7035 | K62: 20.551995
A63: 2022 | B63: 4118 | C63: 25.910927 | E63: 2022 | F63: 3593 | G63: 18.577953 | I63: 2022 | J63: 7711 | K63: 21.862206
A64: 2023 | B64: 3914 | C64: 23.862922 | E64: 2023 | F64: 3500 | G64: 17.557247 | I64: 2023 | J64: 7414 | K64: 20.367542
A65: ASR age-standardised rate
A66: Notes
A67: 1. Year refers to year of registration of death. Deaths registered in 2020 and earlier are based on the final version of cause of death data; deaths registered in 2021 are based on the revised version; deaths registered in 2022 and 2023 are based on the preliminary version. Revised and preliminary versions are subject to further revision by the Australian Bureau of Statistics (ABS).
A68: 2. Rates are expressed as deaths per 100,000 population. Age-standardised rates are directly standardised to the Australian estimated resident population at 30 June 2001.
A69: 3. Leading causes of death are based on underlying causes of death and classified using an AIHW-modified version of Becker R, Sivli J, Ma Fat, L'Hours A, Laurenti R. 2006. A method for deriving leading causes of death. Bulletin of the World Health Organization 84: 297–304. International Statistical Classification of Diseases and Related Health Problems, 10th revision (ICD-10) codes are presented in parentheses.
A70: 4. Data is presented by year of registration of death. Prior to the 2022 data release, data was presented by the reference year in which the death was received and processed by the Australian Bureau of Statistics. As a result, data in this table may not equal previously published data for these years. For more detail, refer to Data collection: Presentation of mortality data in Causes of death, Australia, methodology, 2022 (https://www.abs.gov.au/methodologies/causes-death-australia-methodology/2022#data-collection).
A71: Source: AIHW National Mortality Database.

Sheet Table S7.1
A1: Table S7.1: Leading underlying causes of death, number, per cent of all deaths and rates, Aboriginal and Torres Strait Islander (First Nations) people, NSW, Qld, WA, SA and NT, 2021-2023
A2: Back to contents
A3: Males | I3: Females | Q3: Persons
A4: Rank | B4: Cause of death | C4: Number | D4: Per cent | E4: Crude rate (deaths per 100,000) | F4: Median age at death | G4: ASR (deaths per 100,000) | I4: Rank | J4: Cause of death | K4: Number | L4: Per cent | M4: Crude rate (deaths per 100,000) | N4: Median age at death | O4: ASR (deaths per 100,000) | Q4: Rank | R4: Cause of death | S4: Number | T4: Per cent | U4: Crude rate (deaths per 100,000) | V4: Median age at death | W4: ASR (deaths per 100,000)
A5: 1 | B5: Coronary heart disease (I20–I25) | C5: 901 | D5: 12.8 | E5: 68.2 | G5: 140.9 | I5: 1 | J5: Diabetes (E10–E14) | K5: 527 | L5: 8.9 | M5: 40.2 | O5: 77.6 | Q5: 1 | R5: Coronary heart disease (I20–I25) | S5: 1425 | T5: 11 | U5: 54.1 | W5: 106.4
A6: 2 | B6: Suicide (X60–X84, Y87.0) | C6: 476 | D6: 6.8 | E6: 36 | G6: 41.9 | I6: 2 | J6: Coronary heart disease (I20–I25) | K6: 524 | L6: 8.9 | M6: 39.9 | O6: 76.7 | Q6: 2 | R6: Diabetes (E10–E14) | S6: 937 | T6: 7.2 | U6: 35.6 | W6: 71.3
A7: 3 | B7: Diabetes (E10–E14) | C7: 410 | D7: 5.8 | E7: 31 | G7: 63 | I7: 3 | J7: Chronic obstructive pulmonary disease (J40–J44) | K7: 404 | L7: 6.9 | M7: 30.8 | O7: 61.4 | Q7: 3 | R7: Chronic obstructive pulmonary disease (J40–J44) | S7: 802 | T7: 6.2 | U7: 30.5 | W7: 65.4
A8: 4 | B8: Lung cancer (C33, C34) | C8: 400 | D8: 5.7 | E8: 30.3 | G8: 66.4 | I8: 4 | J8: Lung cancer (C33, C34) | K8: 380 | L8: 6.4 | M8: 29 | O8: 53.9 | Q8: 4 | R8: Lung cancer (C33, C34) | S8: 780 | T8: 6 | U8: 29.6 | W8: 59.6
A9: 5 | B9: Chronic obstructive pulmonary disease (J40–J44) | C9: 398 | D9: 5.6 | E9: 30.1 | G9: 70 | I9: 5 | J9: Dementia including Alzheimer's disease (F01, F03, G30) | K9: 287 | L9: 4.9 | M9: 21.9 | O9: 63.7 | Q9: 5 | R9: Suicide (X60–X84, Y87.0) | S9: 650 | T9: 5 | U9: 24.7 | W9: 27.4
A10: 6 | B10: Land transport accidents (V01–V89, Y85) | C10: 240 | D10: 3.4 | E10: 18.2 | G10: 19.8 | I10: 6 | J10: Cerebrovascular disease (I60–I69) | K10: 259 | L10: 4.4 | M10: 19.7 | O10: 39.3 | Q10: 6 | R10: Dementia including Alzheimer's disease (F01, F03, G30) | S10: 452 | T10: 3.5 | U10: 17.2 | W10: 56
A11: 7 | B11: Liver disease (K70–K76) | C11: 225 | D11: 3.2 | E11: 17 | G11: 26.4 | I11: 7 | J11: Suicide (X60–X84, Y87.0) | K11: 174 | L11: 3 | M11: 13.3 | O11: 13.4 | Q11: 7 | R11: Cerebrovascular disease (I60–I69) | S11: 448 | T11: 3.5 | U11: 17 | W11: 37.2
A12: 8 | B12: Accidental poisoning (X40–X49) | C12: 209 | D12: 3 | E12: 15.8 | G12: 21.2 | I12: 8 | J12: Liver disease (K70–K76) | K12: 162 | L12: 2.7 | M12: 12.3 | O12: 17.8 | Q12: 8 | R12: Liver disease (K70–K76) | S12: 387 | T12: 3 | U12: 14.7 | W12: 21.9
A13: 9 | B13: Other ill-defined causes (R00–R94, R96–R99, I46.9, I95.9, I99, J96.0, J96.9, P28.5) | C13: 195 | D13: 2.8 | E13: 14.8 | G13: 21 | I13: 9 | J13: Breast cancer (C50) | K13: 151 | L13: 2.6 | M13: 11.5 | O13: 20.1 | Q13: 9 | R13: Land transport accidents (V01–V89, Y85) | S13: 338 | T13: 2.6 | U13: 12.8 | W13: 14.1
A14: 10 | B14: Cerebrovascular disease (I60–I69) | C14: 189 | D14: 2.7 | E14: 14.3 | G14: 34.9 | I14: 10 | J14: COVID-19 (U07.1, U07.2, U10.9) | K14: 128 | L14: 2.2 | M14: 9.8 | O14: 22.2 | Q14: 10 | R14: Other ill-defined causes (R00–R94, R96–R99, I46.9, I95.9, I99, J96.0, J96.9, P28.5) | S14: 308 | T14: 2.4 | U14: 11.7 | W14: 16
A15: 11 | B15: Certain conditions originating in the perinatal period, congenital malformations, deformations and chromosomal abnormalities (P00–P96, Q00–Q99 excl. P28.5) | C15: 168 | D15: 2.4 | E15: 12.7 | G15: 8.7 | I15: 11 | J15: Certain conditions originating in the perinatal period, congenital malformations, deformations and chromosomal abnormalities (P00–P96, Q00–Q99 excl. P28.5) | K15: 125 | L15: 2.1 | M15: 9.5 | O15: 6.8 | Q15: 11 | R15: Accidental poisoning (X40–X49) | S15: 296 | T15: 2.3 | U15: 11.2 | W15: 14.6
A16: 12 | B16: Dementia including Alzheimer's disease (F01, F03, G30) | C16: 165 | D16: 2.3 | E16: 12.5 | G16: 46 | I16: 12 | J16: Kidney failure (N17–N19) | K16: 118 | L16: 2 | M16: 9 | O16: 20 | Q16: 12 | R16: Certain conditions originating in the perinatal period, congenital malformations, deformations and chromosomal abnormalities (P00–P96, Q00–Q99 excl. P28.5) | S16: 293 | T16: 2.3 | U16: 11.1 | W16: 7.8
... A24: 20 | B24: Influenza and pneumonia (J09–J18) | C24: 92 | D24: 1.3 | E24: 7 | G24: 15.6 | I24: 20 | J24: Accidental poisoning (X40–X49) | K24: 87 | L24: 1.5 | M24: 6.6 | O24: 8.3 | Q24: 20 | R24: Breast cancer (C50) | S24: 151 | T24: 1.2 | U24: 5.7 | W24: 10.8
B25: Leading 20 causes combined | C25: 4906 | D25: 69.6 | E25: 371.5 | G25: .. | J25: Leading 20 causes combined | K25: 4019 | L25: 68.2 | M25: 306.2 | O25: .. | R25: Leading 20 causes combined | S25: 8783 | T25: 67.8 | U25: 333.6 | W25: ..
B26: All causes | C26: 7051 | D26: 100 | E26: 534 | F26: 60.6 | G26: 1054.9 | J26: All causes | K26: 5896 | L26: 100 | M26: 449.3 | N26: 65.9 | O26: 843.4 | R26: All causes | S26: 12947 | T26: 100 | U26: 491.7 | V26: 63.1 | W26: 943.9
A27: ASR age-standardised rate
A28: .. | B28: not applicable
A29: Notes
A30: 1. Mortality data by Indigenous status are restricted to those 5 states and territories where information on Indigenous status is considered of sufficient quality and completeness of reporting: New South Wales, Queensland, Western Australia, South Australia and the Northern Territory.
A31: 2. Deaths are counted according to year of registration of death, and state or territory of usual residence.
A32: 3. Deaths registered in 2021 are based on the revised version; and deaths registered in 2022 and 2023 are based on the preliminary version. Revised and preliminary versions are subject to further revision by the Australian Bureau of Statistics.
A33: 4. Rates are expressed as deaths per 100,000 population. Crude rates are calculated using the sum of estimated resident populations at 30 June for each year. Age-standardised rates are directly standardised to the Australian estimated resident population at 30 June 2001, by 5-year age groups up to 75+.
A34: 5. Leading causes of death are based on underlying causes of death and classified using an AIHW-modified version of Becker R, Sivli J, Ma Fat, L'Hours A, Laurenti R. 2006. A method for deriving leading causes of death. Bulletin of the World Health Organization 84: 297–304. International Statistical Classification of Diseases and Related Health Problems, 10th revision (ICD-10) codes are presented in parentheses.
A35: 6. Rates use Aboriginal and Torres Strait Islander population estimates and projections based on the 2021 Census
A36: Source: AIHW National Mortality Database.

Sheet Table S7.2
A1: Table S7.2: Leading underlying causes of death, number, per cent of all deaths and rates, non-Indigenous people, NSW, Qld, WA, SA and NT, 2021-2023
A2: Back to contents
A3: Males | I3: Females | Q3: Persons
A4: Rank | B4: Cause of death | C4: Number | D4: Per cent | E4: Crude rate (deaths per 100,000) | F4: Median age at death | G4: ASR (deaths per 100,000) | I4: Rank | J4: Cause of death | K4: Number | L4: Per cent | M4: Crude rate (deaths per 100,000) | N4: Median age at death | O4: ASR (deaths per 100,000) | Q4: Rank | R4: Cause of death | S4: Number | T4: Per cent | U4: Crude rate (deaths per 100,000) | V4: Median age at death | W4: ASR (deaths per 100,000)
A5: 1 | B5: Coronary heart disease (I20–I25) | C5: 22141 | D5: 11.3 | E5: 84.7 | G5: 67.6 | I5: 1 | J5: Dementia including Alzheimer's disease (F01, F03, G30) | K5: 22985 | L5: 13 | M5: 86.8 | O5: 58 | Q5: 1 | R5: Coronary heart disease (I20–I25) | S5: 36667 | T5: 9.8 | U5: 69.7 | W5: 51.7
A6: 2 | B6: Dementia including Alzheimer's disease (F01, F03, G30) | C6: 13123 | D6: 6.7 | E6: 50.2 | G6: 39.7 | I6: 2 | J6: Coronary heart disease (I20–I25) | K6: 14526 | L6: 8.2 | M6: 54.9 | O6: 37.3 | Q6: 2 | R6: Dementia including Alzheimer's disease (F01, F03, G30) | S6: 36108 | T6: 9.7 | U6: 68.6 | W6: 49.7
A7: 3 | B7: Lung cancer (C33, C34) | C7: 10540 | D7: 5.4 | E7: 40.3 | G7: 31.5 | I7: 3 | J7: Cerebrovascular disease (I60–I69) | K7: 11440 | L7: 6.5 | M7: 43.2 | O7: 29.5 | Q7: 3 | R7: Cerebrovascular disease (I60–I69) | S7: 20378 | T7: 5.5 | U7: 38.7 | W7: 28.5
A8: 4 | B8: Cerebrovascular disease (I60–I69) | C8: 8938 | D8: 4.6 | E8: 34.2 | G8: 27.2 | I8: 4 | J8: Lung cancer (C33, C34) | K8: 7690 | L8: 4.3 | M8: 29 | O8: 20.4 | Q8: 4 | R8: Lung cancer (C33, C34) | S8: 18230 | T8: 4.9 | U8: 34.6 | W8: 25.6
A9: 5 | B9: Chronic obstructive pulmonary disease (J40–J44) | C9: 8064 | D9: 4.1 | E9: 30.8 | G9: 24.1 | I9: 5 | J9: Chronic obstructive pulmonary disease (J40–J44) | K9: 7024 | L9: 4 | M9: 26.5 | O9: 18.1 | Q9: 5 | R9: Chronic obstructive pulmonary disease (J40–J44) | S9: 15088 | T9: 4 | U9: 28.7 | W9: 20.8
A10: 6 | B10: Prostate cancer (C61) | C10: 7705 | D10: 3.9 | E10: 29.5 | G10: 23.1 | I10: 6 | J10: Breast cancer (C50) | K10: 6522 | L10: 3.7 | M10: 24.6 | O10: 18.3 | Q10: 6 | R10: Diabetes (E10–E14) | S10: 11415 | T10: 3.1 | U10: 21.7 | W10: 16
A11: 7 | B11: Diabetes (E10–E14) | C11: 6382 | D11: 3.3 | E11: 24.4 | G11: 19.4 | I11: 7 | J11: Colorectal cancer (C18–C20, C26.0) | K11: 5196 | L11: 2.9 | M11: 19.6 | O11: 14.1 | Q11: 7 | R11: Colorectal cancer (C18–C20, C26.0) | S11: 10995 | T11: 2.9 | U11: 20.9 | W11: 15.8
A12: 8 | B12: Colorectal cancer (C18–C20, C26.0) | C12: 5799 | D12: 3 | E12: 22.2 | G12: 17.8 | I12: 8 | J12: Diabetes (E10–E14) | K12: 5033 | L12: 2.8 | M12: 19 | O12: 13.1 | Q12: 8 | R12: COVID-19 (U07.1, U07.2, U10.9) | S12: 10379 | T12: 2.8 | U12: 19.7 | W12: 14.5
A13: 9 | B13: COVID-19 (U07.1, U07.2, U10.9) | C13: 5775 | D13: 2.9 | E13: 22.1 | G13: 17.5 | I13: 9 | J13: COVID-19 (U07.1, U07.2, U10.9) | K13: 4604 | L13: 2.6 | M13: 17.4 | O13: 11.8 | Q13: 9 | R13: Prostate cancer (C61) | S13: 7705 | T13: 2.1 | U13: 14.6 | W13: 10.6
A14: 10 | B14: Suicide (X60–X84, Y87.0) | C14: 4856 | D14: 2.5 | E14: 18.6 | G14: 18 | I14: 10 | J14: Heart failure and complications and ill-defined heart disease (I50–I51) | K14: 4110 | L14: 2.3 | M14: 15.5 | O14: 10.5 | Q14: 10 | R14: Pancreatic cancer (C25) | S14: 7446 | T14: 2 | U14: 14.1 | W14: 10.5
A15: 11 | B15: Pancreatic cancer (C25) | C15: 3882 | D15: 2 | E15: 14.8 | G15: 11.7 | I15: 11 | J15: Pancreatic cancer (C25) | K15: 3564 | L15: 2 | M15: 13.5 | O15: 9.4 | Q15: 11 | R15: Heart failure and complications and ill-defined heart disease (I50–I51) | S15: 7434 | T15: 2 | U15: 14.1 | W15: 10.3
A16: 12 | B16: Cancer of unknown or ill-defined primary site (C26, C39, C76–C80 excl. C26.0) | C16: 3731 | D16: 1.9 | E16: 14.3 | G16: 11.3 | I16: 12 | J16: Cardiac arrhythmias (I47–I49) | K16: 3530 | L16: 2 | M16: 13.3 | O16: 8.9 | Q16: 12 | R16: Accidental falls (W00–W19) | S16: 6811 | T16: 1.8 | U16: 12.9 | W16: 9.5
... A24: 20 | B24: Kidney failure (N17–N19) | C24: 2610 | D24: 1.3 | E24: 10 | G24: 7.9 | I24: 20 | J24: Diseases of the musculoskeletal system and connective tissue (M00–M99) | K24: 2092 | L24: 1.2 | M24: 7.9 | O24: 5.4 | Q24: 20 | R24: Parkinson disease (G20) | S24: 5059 | T24: 1.4 | U24: 9.6 | W24: 7
B25: Leading 20 causes combined | C25: 125602 | D25: 64 | E25: 480.3 | G25: .. | J25: Leading 20 causes combined | K25: 118846 | L25: 67.1 | M25: 448.9 | O25: .. | R25: Leading 20 causes combined | S25: 236685 | T25: 63.4 | U25: 449.8 | W25: ..
B26: All causes | C26: 196115 | D26: 100 | E26: 750 | F26: 79.8 | G26: 605.3 | J26: All causes | K26: 177204 | L26: 100 | M26: 669.4 | N26: 85 | O26: 468.4 | R26: All causes | S26: 373319 | T26: 100 | U26: 709.4 | V26: 82.3 | W26: 534
A27: ASR age-standardised rate
A28: .. not applicable
A29: Notes
A30: 1. Mortality data by Indigenous status are restricted to those 5 states and territories where information on Indigenous status is considered of sufficient quality and completeness of reporting: New South Wales, Queensland, Western Australia, South Australia and the Northern Territory.
A31: 2. Deaths are counted according to year of registration of death, and state or territory of usual residence.
A32: 3. Deaths registered in 2020 and earlier are based on the final version of cause of death data; deaths registered in 2021 are based on the revised version; and deaths registered in 2022 and 2023 are based on the preliminary version. Revised and preliminary versions are subject to further revision by the Australian Bureau of Statistics.
A33: 4. Rates are expressed as deaths per 100,000 population. Crude rates are calculated using the sum of estimated resident populations at 30 June for each year. Age-standardised rates are directly standardised to the Australian estimated resident population at 30 June 2001, by 5-year age groups up to 75+.
A34: 5. Leading causes of death are based on underlying causes of death and classified using an AIHW-modified version of Becker R, Sivli J, Ma Fat, L'Hours A, Laurenti R. 2006. A method for deriving leading causes of death. Bulletin of the World Health Organization 84: 297–304. International Statistical Classification of Diseases and Related Health Problems, 10th revision (ICD-10) codes are presented in parentheses.
A35: 6. Rates use Aboriginal and Torres Strait Islander population estimates and projections based on the 2021 Census
A36: Source: AIHW National Mortality Database.

Sheet Table S7.3
A1: Table S7.3: Leading potentially avoidable cause of death (among people aged under 75), number, per cent and rates, by Indigenous status and sex, NSW, Qld, WA, SA and NT, 2021-2023
A2: Back to contents
B3: Males | I3: Females | P3: Persons
A4: Indigenous status and rank | B4: Cause of death | C4: Number | D4: Per cent | E4: Crude rate (deaths per 100,000) | F4: ASR (deaths per 100,000) | H4: Indigenous status and rank | I4: Cause of death | J4: Number | K4: Per cent | L4: Crude rate (deaths per 100,000) | M4: ASR (deaths per 100,000) | O4: Indigenous status and rank | P4: Cause of death | Q4: Number | R4: Per cent | S4: Crude rate (deaths per 100,000) | T4: ASR (deaths per 100,000)
A5: First Nations | H5: First Nations | O5: First Nations
A6: 1 | B6: Coronary (ischaemic) heart disease | C6: 713 | D6: 12.7 | E6: 54.7 | F6: 86.2 | H6: 1 | I6: Diabetes | J6: 373 | K6: 9 | L6: 28.9 | M6: 43.1 | O6: 1 | P6: Coronary (ischaemic) heart disease | Q6: 1079 | R6: 11.1 | S6: 41.6 | T6: 62.7
A7: 2 | B7: Suicide and self-inflicted injuries | C7: 471 | D7: 8.4 | E7: 36.2 | F7: 42.8 | H7: 2 | I7: Coronary (ischaemic) heart disease | J7: 366 | K7: 8.8 | L7: 28.4 | M7: 41.1 | O7: 2 | P7: Diabetes | Q7: 710 | R7: 7.3 | S7: 27.4 | T7: 42.7
A8: 3 | B8: Diabetes | C8: 337 | D8: 6 | E8: 25.9 | F8: 42.3 | H8: 3 | I8: COPD | J8: 274 | K8: 6.6 | L8: 21.3 | M8: 32.1 | O8: 3 | P8: Suicide and self-inflicted injuries | Q8: 645 | R8: 6.6 | S8: 24.9 | T8: 28.4
A9: 4 | B9: COPD | C9: 291 | D9: 5.2 | E9: 22.3 | F9: 38.3 | H9: 4 | I9: Suicide and self-inflicted injuries | J9: 174 | K9: 4.2 | L9: 13.5 | M9: 20.1 | O9: 4 | P9: COPD | Q9: 565 | R9: 5.8 | S9: 21.8 | T9: 35
A10: 5 | B10: Transport accidents | C10: 243 | D10: 4.3 | E10: 18.7 | F10: 20.9 | H10: 5 | I10: Cerebrovascular diseases | J10: 174 | K10: 4.2 | L10: 13.5 | M10: 14.3 | O10: 5 | P10: Transport accidents | Q10: 341 | R10: 3.5 | S10: 13.2 | T10: 14.7
A11: 6 | B11: Accidental poisoning | C11: 207 | D11: 3.7 | E11: 15.9 | F11: 21.8 | H11: 6 | I11: Breast cancer | J11: 124 | K11: 3 | L11: 9.6 | M11: 14.4 | O11: 6 | P11: Cerebrovascular diseases | Q11: 300 | R11: 3.1 | S11: 11.6 | T11: 18
A12: 7 | B12: Cerebrovascular diseases | C12: 126 | D12: 2.2 | E12: 9.7 | F12: 15.8 | H12: 7 | I12: Transport accidents | J12: 98 | K12: 2.4 | L12: 7.6 | M12: 8.7 | O12: 7 | P12: Accidental poisoning | Q12: 294 | R12: 3 | S12: 11.3 | T12: 15.2
A13: 8 | B13: Complications of the perinatal period | C13: 103 | D13: 1.8 | E13: 7.9 | F13: 4.9 | H13: 8 | I13: Accidental poisoning | J13: 87 | K13: 2.1 | L13: 6.8 | M13: 8.8 | O13: 8 | P13: Complications of the perinatal period | Q13: 184 | R13: 1.9 | S13: 7.1 | T13: 4.5
A14: 9 | B14: Selected invasive infections | C14: 100 | D14: 1.8 | E14: 7.7 | F14: 12 | H14: 9 | I14: Cancer of the colon, sigmoid, rectum and anus | J14: 84 | K14: 2 | L14: 6.5 | M14: 9.6 | O14: 9 | P14: Cancer of the colon, sigmoid, rectum and anus | Q14: 183 | R14: 1.9 | S14: 7.1 | T14: 11.1
A15: 10 | B15: Cancer of the colon, sigmoid, rectum and anus | C15: 99 | D15: 1.8 | E15: 7.6 | F15: 12.8 | H15: 10 | I15: Complications of the perinatal period | J15: 81 | K15: 2 | L15: 6.3 | M15: 4.1 | O15: 10 | P15: Selected invasive infections | Q15: 168 | R15: 1.7 | S15: 6.5 | T15: 9.7
A16: 11 | B16: Assault | C16: 61 | D16: 1.1 | E16: 4.7 | F16: 5.3 | H16: 11 | I16: Rheumatic and other valvular heart disease | J16: 77 | K16: 1.9 | L16: 6 | M16: 8.2 | O16: 11 | P16: Rheumatic and other valvular heart disease | Q16: 125 | R16: 1.3 | S16: 4.8 | T16: 6.9
A17: 12 | B17: Prostate cancer | C17: 49 | D17: 0.9 | E17: 3.8 | F17: 6.8 | H17: 12 | I17: Selected invasive infections | J17: 68 | K17: 1.6 | L17: 5.3 | M17: 7.6 | O17: 12 | P17: Breast cancer | Q17: 124 | R17: 1.3 | S17: 4.8 | T17: 7.6
... A20: 15 | B20: Renal failure | C20: 46 | D20: 0.8 | E20: 3.5 | F20: 5.8 | H20: 15 | I20: Cervical cancer | J20: 41 | K20: 1 | L20: 3.2 | M20: 4.4 | O20: 15 | P20: Assault | Q20: 86 | R20: 0.9 | S20: 3.3 | T20: 3.9
A21: 16 | B21: Falls | C21: 40 | D21: 0.7 | E21: 3.1 | F21: 4.5 | H21: 16 | I21: Asthma | J21: n.p. | K21: n.p. | L21: n.p. | M21: n.p. | O21: 16 | P21: Falls | Q21: 63 | R21: 0.6 | S21: 2.4 | T21: 3.6
A22: 17 | B22: Skin cancer | C22: n.p. | D22: n.p. | E22: n.p. | F22: n.p. | H22: 17 | I22: Assault | J22: 25 | K22: 0.6 | L22: 1.9 | M22: 2.4 | O22: 17 | P22: Heart failure | Q22: 53 | R22: 0.5 | S22: 2 | T22: 3
A23: 18 | B23: Heart failure | C23: 32 | D23: 0.6 | E23: 2.5 | F23: 3.9 | H23: 18 | I23: Viral pneumonia and influenza | J23: n.p. | K23: n.p. | L23: n.p. | M23: n.p. | O23: 18 | P23: Skin cancer | Q23: 51 | R23: 0.5 | S23: 2 | T23: 3.1
A24: 19 | B24: Kidney cancer | C24: n.p. | D24: n.p. | E24: n.p. | F24: n.p. | H24: 19 | I24: Falls | J24: 23 | K24: 0.6 | L24: 1.8 | M24: 2.7 | O24: 19 | P24: Prostate cancer | Q24: 49 | R24: 0.5 | S24: 1.9 | T24: 3.2
A25: 20 | B25: Other accidental threats to breathing | C25: n.p. | D25: n.p. | E25: n.p. | F25: n.p. | H25: 20 | I25: Heart failure | J25: 21 | K25: 0.5 | L25: 1.6 | M25: 2.2 | O25: 20 | P25: Asthma | Q25: 47 | R25: 0.5 | S25: 1.8 | T25: 2.5
B26: Total potentially avoidable | C26: 3276 | D26: 58.3 | E26: 251.5 | F26: 362.7 | I26: Total potentially avoidable | J26: 2359 | K26: 56.9 | L26: 183.1 | M26: 253 | P26: Total potentially avoidable | Q26: 5635 | R26: 57.7 | S26: 217.5 | T26: 306.4
B27: All other deaths less than age 75 | C27: 2339 | D27: 41.7 | E27: 179.6 | F27: 273.3 | I27: All other deaths less than age 75 | J27: 1788 | K27: 43.1 | L27: 138.8 | M27: 196.2 | P27: All other deaths less than age 75 | Q27: 4127 | R27: 42.3 | S27: 159.3 | T27: 233.2
B28: Total deaths less than age 75 | C28: 5615 | D28: 100 | E28: 431.1 | F28: 635.9 | I28: Total deaths less than age 75 | J28: 4147 | K28: 100 | L28: 321.9 | M28: 449.2 | P28: Total deaths less than age 75 | Q28: 9762 | R28: 100 | S28: 376.8 | T28: 539.6
A29: Non-Indigenous | H29: Non-Indigenous | O29: Non-Indigenous
A30: 1 | B30: Coronary (ischaemic) heart disease | C30: 7993 | D30: 11.1 | E30: 32.9 | F30: 26.1 | H30: 1 | I30: Breast cancer | J30: 3411 | K30: 7.7 | L30: 14.1 | M30: 11.1 | O30: 1 | P30: Coronary (ischaemic) heart disease | Q30: 10171 | R30: 8.8 | S30: 21 | T30: 16.1
A31: 2 | B31: Suicide and self-inflicted injuries | C31: 4378 | D31: 6.1 | E31: 18 | F31: 17.6 | H31: 2 | I31: Coronary (ischaemic) heart disease | J31: 2178 | K31: 4.9 | L31: 9 | M31: 6.6 | O31: 2 | P31: Suicide and self-inflicted injuries | Q31: 5768 | R31: 5 | S31: 11.9 | T31: 11.6
A32: 3 | B32: Cancer of the colon, sigmoid, rectum and anus | C32: 2713 | D32: 3.8 | E32: 11.2 | F32: 8.9 | H32: 3 | I32: COPD | J32: 2022 | K32: 4.6 | L32: 8.4 | M32: 5.8 | O32: 3 | P32: Cancer of the colon, sigmoid, rectum and anus | Q32: 4631 | R32: 4 | S32: 9.6 | T32: 7.5
A33: 4 | B33: COPD | C33: 2521 | D33: 3.5 | E33: 10.4 | F33: 7.7 | H33: 4 | I33: Cancer of the colon, sigmoid, rectum and anus | J33: 1918 | K33: 4.4 | L33: 7.9 | M33: 6.2 | O33: 4 | P33: COPD | Q33: 4543 | R33: 3.9 | S33: 9.4 | T33: 6.7
A34: 5 | B34: Diabetes | C34: 2238 | D34: 3.1 | E34: 9.2 | F34: 7.2 | H34: 5 | I34: Cerebrovascular diseases | J34: 1596 | K34: 3.6 | L34: 6.6 | M34: 5 | O34: 5 | P34: Cerebrovascular diseases | Q34: 3705 | R34: 3.2 | S34: 7.6 | T34: 5.9
A35: 6 | B35: Cerebrovascular diseases | C35: 2109 | D35: 2.9 | E35: 8.7 | F35: 6.8 | H35: 6 | I35: Suicide and self-inflicted injuries | J35: 1390 | K35: 3.2 | L35: 5.7 | M35: 5.6 | O35: 6 | P35: Breast cancer | Q35: 3411 | R35: 2.9 | S35: 7 | T35: 5.7
A36: 7 | B36: Transport accidents | C36: 1875 | D36: 2.6 | E36: 7.7 | F36: 7.5 | H36: 7 | I36: Diabetes | J36: 1118 | K36: 2.5 | L36: 4.6 | M36: 3.4 | O36: 7 | P36: Diabetes | Q36: 3356 | R36: 2.9 | S36: 6.9 | T36: 5.2
A37: 8 | B37: Prostate cancer | C37: 1705 | D37: 2.4 | E37: 7 | F37: 5.1 | H37: 8 | I37: Accidental poisoning | J37: 687 | K37: 1.6 | L37: 2.8 | M37: 2.7 | O37: 8 | P37: Transport accidents | Q37: 2340 | R37: 2 | S37: 4.8 | T37: 4.7
A38: 9 | B38: Accidental poisoning | C38: 1537 | D38: 2.1 | E38: 6.3 | F38: 6.4 | H38: 9 | I38: Skin cancer | J38: 529 | K38: 1.2 | L38: 2.2 | M38: 1.7 | O38: 9 | P38: Accidental poisoning | Q38: 2224 | R38: 1.9 | S38: 4.6 | T38: 4.5
A39: 10 | B39: Skin cancer | C39: 1324 | D39: 1.8 | E39: 5.5 | F39: 4.3 | H39: 10 | I39: Selected invasive infections | J39: 528 | K39: 1.2 | L39: 2.2 | M39: 1.7 | O39: 10 | P39: Skin cancer | Q39: 1853 | R39: 1.6 | S39: 3.8 | T39: 2.9
A40: 11 | B40: Kidney cancer | C40: 710 | D40: 1 | E40: 2.9 | F40: 2.3 | H40: 11 | I40: Transport accidents | J40: 465 | K40: 1.1 | L40: 1.9 | M40: 1.9 | O40: 11 | P40: Prostate cancer | Q40: 1705 | R40: 1.5 | S40: 3.5 | T40: 2.5
A41: 12 | B41: Selected invasive infections | C41: 694 | D41: 1 | E41: 2.9 | F41: 2.3 | H41: 12 | I41: Complications of the perinatal period | J41: 430 | K41: 1 | L41: 1.8 | M41: 2.1 | O41: 12 | P41: Selected invasive infections | Q41: 1222 | R41: 1.1 | S41: 2.5 | T41: 2
... A49: 20 | B49: Assault | C49: 254 | D49: 0.4 | E49: 1 | F49: 1.1 | H49: 20 | I49: Asthma | J49: 178 | K49: 0.4 | L49: 0.7 | M49: 0.6 | O49: 20 | P49: Cervical cancer | Q49: 406 | R49: 0.3 | S49: 0.8 | T49: 0.7
B50: Total potentially avoidable | C50: 35198 | D50: 48.9 | E50: 145.1 | F50: 121.4 | I50: Total potentially avoidable | J50: 19650 | K50: 44.6 | L50: 81.2 | M50: 64.9 | P50: Total potentially avoidable | Q50: 54848 | R50: 47.3 | S50: 113.2 | T50: 92.7
B51: All other deaths less than age 75 | C51: 36787 | D51: 51.1 | E51: 151.6 | F51: 120.1 | I51: All other deaths less than age 75 | J51: 24414 | K51: 55.4 | L51: 100.9 | M51: 76.4 | P51: All other deaths less than age 75 | Q51: 61201 | R51: 52.7 | S51: 126.3 | T51: 97.8
B52: Total deaths less than age 75 | C52: 71985 | D52: 100 | E52: 296.7 | F52: 241.5 | I52: Total deaths less than age 75 | J52: 44064 | K52: 100 | L52: 182.1 | M52: 141.3 | P52: Total deaths less than age 75 | Q52: 116049 | R52: 100 | S52: 239.5 | T52: 190.4
A53: ASR | B53: age-standardised rate
A54: COPD | B54: Chronic obstructive pulmonary disease
A55: n.p. not published
A56: Notes
A57: 1. Mortality data by Indigenous status are restricted to those 5 states and territories where information on Indigenous status is considered of sufficient quality and completeness of reporting: New South Wales, Queensland, Western Australia, South Australia and the Northern Territory.
A58: 2. Deaths are counted according to year of registration of death, and state or territory of usual residence.
A59: 3. Deaths registered in 2021 are based on the revised version of cause of death data; deaths registered in 2022 and 2023 are based on the preliminary version. Revised and preliminary versions are subject to further revision by the Australian Bureau of Statistics.
A60: 4. Diseases of the digestive system and Other conditions are not published due to small numbers and risk of re-identification of individuals.
A61: 5. Potentially avoidable deaths are deaths from conditions that are potentially preventable through individualised care and/or treatable through existing primary or hospital care. They are classified using nationally agreed definitions based on cause of death for people aged less than 75 (AIHW 2021. National Healthcare Agreement: PI 16—Potentially avoidable deaths, 2022. Viewed 07 January 2025, <https://meteor.aihw.gov.au/content/index.phtml/itemId/740864>).
A62: 6. Leading 20 causes of potentially avoidable deaths. Deaths with counts less than 20 were excluded from the table (n.p.). Any causes of death with sex breakdowns resulting in the re-identification of small numbers were suppressed (n.p.).
A63: Source: AIHW National Mortality Database.

Sheet Table S7.4
A1: Table S7.4: Leading underlying causes of death, number, per cent and rates, by sex and Remoteness area, 2021-2023
A2: Back to contents
B3: Males | I3: Females | P3: Persons
A4: Remoteness Area and rank | B4: Cause of death | C4: Number | D4: Per cent | E4: Crude rate (deaths per 100,000) | F4: ASR (deaths per 100,000) | H4: Remoteness Area and rank | I4: Cause of death | J4: Number | K4: Per cent | L4: Crude rate (deaths per 100,000) | M4: ASR (deaths per 100,000) | O4: Remoteness Area and rank | P4: Cause of death | Q4: Number | R4: Per cent | S4: Crude rate (deaths per 100,000) | T4: ASR (deaths per 100,000)
A5: Major cities of Australia | H5: Major cities of Australia | O5: Major cities of Australia
A6: 1 | B6: Coronary heart disease (I20–I25) | C6: 20372.82 | D6: 11.105641 | E6: 72.655827 | F6: 65.003022 | H6: 1 | I6: Dementia including Alzheimer's disease (F01, F03, G30) | J6: 22657.289 | K6: 13.05419 | L6: 79.117881 | M6: 49.094125 | O6: 1 | P6: Dementia including Alzheimer's disease (F01, F03, G30) | Q6: 35345.041 | R6: 9.900321 | S6: 62.361619 | T6: 45.45412
A7: 2 | B7: Dementia including Alzheimer's disease (F01, F03, G30) | C7: 12687.752 | D7: 6.9163531 | E7: 45.248477 | F7: 39.880549 | H7: 2 | I7: Coronary heart disease (I20–I25) | J7: 13758.389 | K7: 7.9270131 | L7: 48.043462 | M7: 31.212252 | O7: 2 | P7: Coronary heart disease (I20–I25) | Q7: 34131.209 | R7: 9.5603208 | S7: 60.219975 | T7: 46.706357
A8: 3 | B8: Lung cancer (C33, C34) | C8: 9351.9457 | D8: 5.097937 | E8: 33.351954 | F8: 29.801482 | H8: 3 | I8: Cerebrovascular disease (I60–I69) | J8: 11039.959 | K8: 6.3607663 | L8: 38.550868 | M8: 25.366575 | O8: 3 | P8: Cerebrovascular disease (I60–I69) | Q8: 19246.418 | R8: 5.3910171 | S8: 33.957743 | T8: 25.913606
A9: 4 | B9: Cerebrovascular disease (I60–I69) | C9: 8206.4593 | D9: 4.4735089 | E9: 29.266792 | F9: 26.116577 | H9: 4 | I9: Lung cancer (C33, C34) | J9: 7127.2473 | K9: 4.1064242 | L9: 24.887916 | M9: 19.199378 | O9: 4 | P9: Lung cancer (C33, C34) | Q9: 16479.193 | R9: 4.6159036 | S9: 29.075342 | T9: 23.968949
A10: 5 | B10: Prostate cancer (C61) | C10: 6871.7529 | D10: 3.7459332 | E10: 24.506813 | F10: 21.706276 | H10: 5 | I10: Breast cancer (C50) | J10: 6329.7004 | K10: 3.6469108 | L10: 22.102931 | M10: 17.409524 | O10: 5 | P10: Chronic obstructive pulmonary disease (J40–J44) | Q10: 12802.01 | R10: 3.5859065 | S10: 22.587443 | T10: 17.870356
A11: 6 | B11: Chronic obstructive pulmonary disease (J40–J44) | C11: 6630.2516 | D11: 3.6142859 | E11: 23.645544 | F11: 21.043765 | H11: 6 | I11: Chronic obstructive pulmonary disease (J40–J44) | J11: 6171.7585 | K11: 3.5559112 | L11: 21.551407 | M11: 15.428038 | O11: 6 | P11: COVID-19 (U07.1, U07.2, U10.9) | Q11: 11766.224 | R11: 3.2957775 | S11: 20.759935 | T11: 15.862236
A12: 7 | B12: COVID-19 (U07.1, U07.2, U10.9) | C12: 6505.9287 | D12: 3.5465149 | E12: 23.20217 | F12: 20.634528 | H12: 7 | I12: COVID-19 (U07.1, U07.2, U10.9) | J12: 5260.2948 | K12: 3.0307636 | L12: 18.368631 | M12: 12.126854 | O12: 7 | P12: Diabetes (E10–E14) | Q12: 11071.842 | R12: 3.1012778 | S12: 19.534791 | T12: 15.355912
A13: 8 | B13: Diabetes (E10–E14) | C13: 5981.1872 | D13: 3.2604675 | E13: 21.330778 | F13: 19.07958 | H13: 8 | I13: Diabetes (E10–E14) | J13: 5090.6547 | K13: 2.9330241 | L13: 17.776258 | M13: 12.182134 | O13: 8 | P13: Colorectal cancer (C18–C20, C26.0) | Q13: 10219.047 | R13: 2.8624057 | S13: 18.030148 | T13: 14.733732
A14: 9 | B14: Colorectal cancer (C18–C20, C26.0) | C14: 5259.1765 | D14: 2.8668848 | E14: 18.755863 | F14: 16.932569 | H14: 9 | I14: Colorectal cancer (C18–C20, C26.0) | J14: 4959.8705 | K14: 2.8576716 | L14: 17.319567 | M14: 12.858322 | O14: 9 | P14: Accidental falls (W00–W19) | Q14: 8215.4126 | R14: 2.3011778 | S14: 14.495002 | T14: 10.853708
A15: 10 | B15: Suicide (X60–X84, Y87.0) | C15: 4388.7042 | D15: 2.3923725 | E15: 15.651487 | F15: 15.332022 | H15: 10 | I15: Heart failure and complications and ill-defined heart disease (I50–I51) | J15: 4242.6589 | K15: 2.444444 | L15: 14.815108 | M15: 9.2491914 | O15: 10 | P15: Heart failure and complications and ill-defined heart disease (I50–I51) | Q15: 7630.0494 | R15: 2.1372146 | S15: 13.462206 | T15: 9.9531782
B16: Leading 10 causes combined | C16: 86255.978 | D16: 47 | E16: .. | F16: .. | I16: Leading 10 causes combined | J16: 86637.822 | K16: 49.9 | L16: .. | M16: .. | P16: Leading 10 causes combined | Q16: 166906.45 | R16: 46.8 | S16: .. | T16: ..
B17: All causes | C17: 183445.69 | D17: 100 | E17: 654.22452 | F17: 589.17304 | I17: All causes | J17: 173563.35 | K17: 100 | L17: 606.0727 | M17: 421.62962 | P17: All causes | Q17: 357009.04 | R17: 100 | S17: 629.89492 | T17: 499.0135
A18: Inner regional Australia | H18: Inner regional Australia | O18: Inner regional Australia
A19: 1 | B19: Coronary heart disease (I20–I25) | C19: 7421.7855 | D19: 11.273336 | E19: 107.84516 | F19: 72.450121 | H19: 1 | I19: Dementia including Alzheimer's disease (F01, F03, G30) | J19: 6514.1106 | K19: 11.163818 | L19: 93.129512 | M19: 46.292099 | O19: 1 | P19: Coronary heart disease (I20–I25) | Q19: 12111.768 | R19: 9.7529984 | S19: 87.28215 | T19: 52.785422
A20: 2 | B20: Lung cancer (C33, C34) | C20: 3700.834 | D20: 5.6213892 | E20: 53.77642 | F20: 34.574763 | H20: 2 | I20: Coronary heart disease (I20–I25) | J20: 4689.9824 | K20: 8.0376451 | L20: 67.050715 | M20: 35.31391 | O20: 2 | P20: Dementia including Alzheimer's disease (F01, F03, G30) | Q20: 10161.98 | R20: 8.1829319 | S20: 73.231211 | T20: 41.39173
A21: 3 | B21: Dementia including Alzheimer's disease (F01, F03, G30) | C21: 3647.8691 | D21: 5.540938 | E21: 53.006792 | F21: 34.55523 | H21: 3 | I21: Cerebrovascular disease (I60–I69) | J21: 3780.4251 | K21: 6.4788549 | L21: 54.047155 | M21: 28.383562 | O21: 3 | P21: Cerebrovascular disease (I60–I69) | Q21: 6750.7972 | R21: 5.4360779 | S21: 48.648892 | T21: 28.623661
A22: 4 | B22: Chronic obstructive pulmonary disease (J40–J44) | C22: 3167.8777 | D22: 4.8118542 | E22: 46.032089 | F22: 29.195985 | H22: 4 | I22: Lung cancer (C33, C34) | J22: 2781.0657 | K22: 4.7661628 | L22: 39.759733 | M22: 23.424079 | O22: 4 | P22: Lung cancer (C33, C34) | Q22: 6481.8998 | R22: 5.2195483 | S22: 46.711112 | T22: 28.626524
A23: 5 | B23: Cerebrovascular disease (I60–I69) | C23: 2970.3721 | D23: 4.5118526 | E23: 43.162156 | F23: 28.431691 | H23: 5 | I23: Chronic obstructive pulmonary disease (J40–J44) | J23: 2773.1363 | K23: 4.7525735 | L23: 39.646369 | M23: 22.056059 | O23: 5 | P23: Chronic obstructive pulmonary disease (J40–J44) | Q23: 5941.0141 | R23: 4.7840003 | S23: 42.813278 | T23: 25.272855
A24: 6 | B24: Prostate cancer (C61) | C24: 2853.3799 | D24: 4.3341471 | E24: 41.462156 | F24: 26.349497 | H24: 6 | I24: Breast cancer (C50) | J24: 2132.5586 | K24: 3.6547577 | L24: 30.488297 | M24: 19.358481 | O24: 6 | P24: Diabetes (E10–E14) | Q24: 3912.2634 | R24: 3.1503492 | S24: 28.193304 | T24: 17.079167
A25: 7 | B25: Diabetes (E10–E14) | C25: 2229.1022 | D25: 3.3858992 | E25: 32.390844 | F25: 21.349877 | H25: 7 | I25: Colorectal cancer (C18–C20, C26.0) | J25: 1794.1736 | K25: 3.0748368 | L25: 25.650549 | M25: 14.99656 | O25: 7 | P25: Colorectal cancer (C18–C20, C26.0) | Q25: 3853.1515 | R25: 3.1027494 | S25: 27.767321 | T25: 17.424204
A26: 8 | B26: Colorectal cancer (C18–C20, C26.0) | C26: 2058.9779 | D26: 3.1274886 | E26: 29.918786 | F26: 20.048012 | H26: 8 | I26: Diabetes (E10–E14) | J26: 1683.1611 | K26: 2.8845848 | L26: 24.06345 | M26: 13.270349 | O26: 8 | P26: COVID-19 (U07.1, U07.2, U10.9) | Q26: 2913.2977 | R26: 2.3459323 | S26: 20.994366 | T26: 12.283228
A27: 9 | B27: Suicide (X60–X84, Y87.0) | C27: 1701.2003 | D27: 2.5840416 | E27: 24.719958 | F27: 25.264756 | H27: 9 | I27: Heart failure and complications and ill-defined heart disease (I50–I51) | J27: 1480.8103 | K27: 2.5377979 | L27: 21.170524 | M27: 10.503552 | O27: 9 | P27: Prostate cancer (C61) | Q27: 2853.3799 | R27: 2.2976836 | S27: 20.562575 | T27: 11.896869
A28: 10 | B28: COVID-19 (U07.1, U07.2, U10.9) | C28: 1561.259 | D28: 2.3714775 | E28: 22.686486 | F28: 14.861484 | H28: 10 | I28: Accidental falls (W00–W19) | J28: 1352.0827 | K28: 2.317186 | L28: 19.330161 | M28: 9.8718776 | O28: 10 | P28: Heart failure and complications and ill-defined heart disease (I50–I51) | Q28: 2714.2872 | R28: 2.1856792 | S28: 19.560218 | T28: 11.233753
B29: Leading 10 causes combined | C29: 31312.658 | D29: 47.6 | E29: .. | F29: .. | I29: Leading 10 causes combined | J29: 28981.506 | K29: 49.7 | L29: .. | M29: .. | P29: Leading 10 causes combined | Q29: 57693.839 | R29: 46.5 | S29: .. | T29: ..
B30: All causes | C30: 65834.866 | D30: 100 | E30: 956.63933 | F30: 652.59466 | I30: All causes | J30: 58350.204 | K30: 100 | L30: 834.20845 | M30: 468.47856 | P30: All causes | Q30: 124185.07 | R30: 100 | S30: 894.92633 | T30: 556.67292
A31: Outer regional Australia | H31: Outer regional Australia | O31: Outer regional Australia
A32: 1 | B32: Coronary heart disease (I20–I25) | C32: 3444.9649 | D32: 11.625603 | E32: 108.03627 | F32: 78.459521 | H32: 1 | I32: Dementia including Alzheimer's disease (F01, F03, G30) | J32: 2363.7019 | K32: 10.016063 | L32: 76.003477 | M32: 44.020757 | O32: 1 | P32: Coronary heart disease (I20–I25) | Q32: 5521.1765 | R32: 10.371975 | S32: 87.655766 | T32: 59.212433
A33: 2 | B33: Lung cancer (C33, C34) | C33: 1928.9013 | D33: 6.5093961 | E33: 60.49156 | F33: 41.33455 | H33: 2 | I33: Coronary heart disease (I20–I25) | J33: 2076.2117 | K33: 8.7978387 | L33: 66.759395 | M33: 40.951865 | O33: 2 | P33: Dementia including Alzheimer's disease (F01, F03, G30) | Q33: 3764.7044 | R33: 7.0723006 | S33: 59.769515 | T33: 38.976995
A34: 3 | B34: Chronic obstructive pulmonary disease (J40–J44) | C34: 1634.6187 | D34: 5.5162907 | E34: 51.26267 | F34: 35.413413 | H34: 3 | I34: Cerebrovascular disease (I60–I69) | J34: 1347.6516 | K34: 5.7106033 | L34: 43.332963 | M34: 26.167602 | O34: 3 | P34: Lung cancer (C33, C34) | Q34: 3195.4899 | R34: 6.0029853 | S34: 50.732505 | T34: 33.626873
A35: 4 | B35: Dementia including Alzheimer's disease (F01, F03, G30) | C35: 1401.0025 | D35: 4.7279145 | E35: 43.936322 | F35: 32.350619 | H35: 4 | I35: Lung cancer (C33, C34) | J35: 1266.5886 | K35: 5.3671032 | L35: 40.72643 | M35: 26.390524 | O35: 4 | P35: Chronic obstructive pulmonary disease (J40–J44) | Q35: 2881.4811 | R35: 5.4130944 | S35: 45.747212 | T35: 29.919355
A36: 5 | B36: Prostate cancer (C61) | C36: 1224.2332 | D36: 4.1313773 | E36: 38.392725 | F36: 27.093884 | H36: 5 | I36: Chronic obstructive pulmonary disease (J40–J44) | J36: 1246.8624 | K36: 5.2835146 | L36: 40.092146 | M36: 24.983034 | O36: 5 | P36: Cerebrovascular disease (I60–I69) | Q36: 2563.9789 | R36: 4.8166411 | S36: 40.706457 | T36: 27.131895
A37: 6 | B37: Cerebrovascular disease (I60–I69) | C37: 1216.3274 | D37: 4.1046976 | E37: 38.144792 | F37: 27.760296 | H37: 6 | I37: Breast cancer (C50) | J37: 865.18251 | K37: 3.6661658 | L37: 27.819447 | M37: 18.693779 | O37: 6 | P37: Diabetes (E10–E14) | Q37: 1844.8467 | R37: 3.4656932 | S37: 29.28931 | T37: 19.6323
A38: 7 | B38: Diabetes (E10–E14) | C38: 1009.9912 | D38: 3.4083823 | E38: 31.673961 | F38: 22.696263 | H38: 7 | I38: Diabetes (E10–E14) | J38: 834.85547 | K38: 3.5376565 | L38: 26.844298 | M38: 16.642403 | O38: 7 | P38: Colorectal cancer (C18–C20, C26.0) | Q38: 1676.5222 | R38: 3.1494821 | S38: 26.616943 | T38: 18.24045
A39: 8 | B39: Colorectal cancer (C18–C20, C26.0) | C39: 957.96367 | D39: 3.2328067 | E39: 30.042344 | F39: 21.597834 | H39: 8 | I39: Colorectal cancer (C18–C20, C26.0) | J39: 718.55856 | K39: 3.0448544 | L39: 23.104838 | M39: 15.014177 | O39: 8 | P39: Prostate cancer (C61) | Q39: 1224.2332 | R39: 2.2998208 | S39: 19.436274 | T39: 12.652492
A40: 9 | B40: Suicide (X60–X84, Y87.0) | C40: 869.26903 | D40: 2.9334919 | E40: 27.260824 | F40: 27.361462 | H40: 9 | I40: Heart failure and complications and ill-defined heart disease (I50–I51) | J40: 585.60778 | K40: 2.4814824 | L40: 18.829882 | M40: 10.948221 | O40: 9 | P40: Cancer of unknown or ill-defined primary site (C26, C39, C76–C80 excl. C26.0) | Q40: 1141.497 | R40: 2.144394 | S40: 18.12273 | T40: 12.137356
A41: 10 | B41: Cancer of unknown or ill-defined primary site (C26, C39, C76–C80 excl. C26.0) | C41: 661.56391 | D41: 2.2325567 | E41: 20.747061 | F41: 14.447447 | H41: 10 | I41: COVID-19 (U07.1, U07.2, U10.9) | J41: 498.66983 | K41: 2.1130874 | L41: 16.034442 | M41: 9.4661115 | O41: 10 | P41: COVID-19 (U07.1, U07.2, U10.9) | Q41: 1121.7812 | R41: 2.1073563 | S41: 17.809716 | T41: 11.67708
B42: Leading 10 causes combined | C42: 14348.836 | D42: 48.4 | E42: .. | F42: .. | I42: Leading 10 causes combined | J42: 11803.89 | K42: 50 | L42: .. | M42: .. | P42: Leading 10 causes combined | Q42: 24935.711 | R42: 46.8 | S42: .. | T42: ..
B43: All causes | C43: 29632.569 | D43: 100 | E43: 929.29603 | F43: 687.28512 | I43: All causes | J43: 23599.111 | K43: 100 | L43: 758.81586 | M43: 482.84225 | P43: All causes | Q43: 53231.68 | R43: 100 | S43: 845.12125 | T43: 584.39841
A44: Remote Australia | H44: Remote Australia | O44: Remote Australia
A45: 1 | B45: Coronary heart disease (I20–I25) | C45: 470.69941 | D45: 13.7348 | E45: 100.30491 | F45: 94.824897 | H45: 1 | I45: Coronary heart disease (I20–I25) | J45: 210.40309 | K45: 8.5148986 | L45: 48.191926 | M45: 43.148879 | O45: 1 | P45: Coronary heart disease (I20–I25) | Q45: 681.1025 | R45: 11.547915 | S45: 75.188277 | T45: 69.659223
A46: 2 | B46: Lung cancer (C33, C34) | C46: 187.18371 | D46: 5.4619377 | E46: 39.888399 | F46: 34.815402 | H46: 2 | I46: Dementia including Alzheimer's disease (F01, F03, G30) | J46: 204.69879 | K46: 8.2840489 | L46: 46.885381 | M46: 42.107175 | O46: 2 | P46: Lung cancer (C33, C34) | Q46: 328.88561 | R46: 5.5761693 | S46: 36.306345 | T46: 31.320162
A47: 3 | B47: Chronic obstructive pulmonary disease (J40–J44) | C47: 182.06531 | D47: 5.312585 | E47: 38.797681 | F47: 37.574863 | H47: 3 | I47: Cerebrovascular disease (I60–I69) | J47: 142.11725 | K47: 5.7514078 | L47: 32.551347 | M47: 29.40024 | O47: 3 | P47: Chronic obstructive pulmonary disease (J40–J44) | Q47: 314.66017 | R47: 5.3349808 | S47: 34.73597 | T47: 31.951921
A48: 4 | B48: Suicide (X60–X84, Y87.0) | C48: 156.147 | D48: 4.5563 | E48: 33.274549 | F48: 34.742136 | H48: 4 | I48: Lung cancer (C33, C34) | J48: 141.70189 | K48: 5.7345985 | L48: 32.456211 | M48: 28.049536 | O48: 4 | P48: Dementia including Alzheimer's disease (F01, F03, G30) | Q48: 312.91633 | R48: 5.3054144 | S48: 34.543464 | T48: 34.934745
A49: 5 | B49: Diabetes (E10–E14) | C49: 138.05891 | D49: 4.0284978 | E49: 29.420022 | F49: 27.377321 | H49: 5 | I49: Diabetes (E10–E14) | J49: 136.80568 | K49: 5.5364516 | L49: 31.334755 | M49: 28.226894 | O49: 5 | P49: Diabetes (E10–E14) | Q49: 274.8646 | R49: 4.6602572 | S49: 30.342857 | T49: 27.797958
A50: 6 | B50: Prostate cancer (C61) | C50: 132.29827 | D50: 3.8604049 | E50: 28.192444 | F50: 28.572747 | H50: 6 | I50: Chronic obstructive pulmonary disease (J40–J44) | J50: 132.59486 | K50: 5.3660417 | L50: 30.370283 | M50: 27.105937 | O50: 6 | P50: Cerebrovascular disease (I60–I69) | Q50: 255.06972 | R50: 4.3246403 | S50: 28.15766 | T50: 26.563428
A51: 7 | B51: Land transport accidents (V01–V89, Y85) | C51: 112.97205 | D51: 3.2964742 | E51: 24.074072 | F51: 25.186117 | H51: 7 | I51: Breast cancer (C50) | J51: 100.76522 | K51: 4.0779138 | L51: 23.079843 | M51: 20.404676 | O51: 7 | P51: Suicide (X60–X84, Y87.0) | Q51: 184.76486 | R51: 3.1326398 | S51: 20.396565 | T51: 21.328835
A52: 8 | B52: Cerebrovascular disease (I60–I69) | C52: 112.95247 | D52: 3.2959028 | E52: 24.069899 | F52: 23.422277 | H52: 8 | I52: Colorectal cancer (C18–C20, C26.0) | J52: 66.770663 | K52: 2.7021724 | L52: 15.293534 | M52: 13.811779 | O52: 8 | P52: Colorectal cancer (C18–C20, C26.0) | Q52: 155.40289 | R52: 2.6348154 | S52: 17.155239 | T52: 15.622888
A53: 9 | B53: Dementia including Alzheimer's disease (F01, F03, G30) | C53: 108.21753 | D53: 3.1577396 | E53: 23.060896 | F53: 26.077844 | H53: 9 | I53: Cancer of unknown or ill-defined primary site (C26, C39, C76–C80 excl. C26.0) | J53: 56.920095 | K53: 2.3035253 | L53: 13.037304 | M53: 11.710256 | O53: 9 | P53: Land transport accidents (V01–V89, Y85) | Q53: 140.99741 | R53: 2.3905741 | S53: 15.564988 | T53: 16.213011
A54: 10 | B54: Colorectal cancer (C18–C20, C26.0) | C54: 88.632232 | D54: 2.5862492 | E54: 18.887316 | F54: 17.041021 | H54: 10 | I54: Other ill-defined causes (R00–R94, R96–R99, I46.9, I95.9, I99, J96.0, J96.9, P28.5) | J54: 55.725113 | K54: 2.255165 | L54: 12.763598 | M54: 11.667572 | O54: 10 | P54: Other ill-defined causes (R00–R94, R96–R99, I46.9, I95.9, I99, J96.0, J96.9, P28.5) | Q54: 133.80653 | R54: 2.2686547 | S54: 14.771173 | T54: 13.918667
B55: Leading 10 causes combined | C55: 1689.2269 | D55: 49.3 | E55: .. | F55: .. | I55: Leading 10 causes combined | J55: 1248.5027 | K55: 50.5 | L55: .. | M55: .. | P55: Leading 10 causes combined | Q55: 2782.4706 | R55: 47.2 | S55: .. | T55: ..
B56: All causes | C56: 3427.0569 | D56: 100 | E56: 730.29759 | F56: 705.6019 | I56: All causes | J56: 2470.9993 | K56: 100 | L56: 565.97181 | M56: 510.57951 | P56: All causes | Q56: 5898.0563 | R56: 100 | S56: 651.09832 | T56: 610.62575
A57: Very remote Australia | H57: Very remote Australia | O57: Very remote Australia
A58: 1 | B58: Coronary heart disease (I20–I25) | C58: 301.7302 | D58: 14.63418 | E58: 97.552763 | F58: 122.2439 | H58: 1 | I58: Coronary heart disease (I20–I25) | J58: 154.01356 | K58: 10.197294 | L58: 54.867658 | M58: 69.175939 | O58: 1 | P58: Coronary heart disease (I20–I25) | Q58: 455.74376 | R58: 12.758228 | S58: 77.244761 | T58: 96.388263
A59: 2 | B59: Diabetes (E10–E14) | C59: 118.66046 | D59: 5.7551369 | E59: 38.36426 | F59: 46.07527 | H59: 2 | I59: Diabetes (E10–E14) | J59: 153.52296 | K59: 10.164811 | L59: 54.69288 | M59: 65.89203 | O59: 2 | P59: Diabetes (E10–E14) | Q59: 272.18342 | R59: 7.6195843 | S59: 46.132816 | T59: 55.074707
A60: 3 | B60: Lung cancer (C33, C34) | C60: 115.13523 | D60: 5.5841602 | E60: 37.224514 | F60: 42.860374 | H60: 3 | I60: Dementia including Alzheimer's disease (F01, F03, G30) | J60: 89.199745 | K60: 5.9059478 | L60: 31.777599 | M60: 51.290583 | O60: 3 | P60: Chronic obstructive pulmonary disease (J40–J44) | Q60: 188.83452 | R60: 5.2862901 | S60: 32.005874 | T60: 42.636971
A61: 4 | B61: Chronic obstructive pulmonary disease (J40–J44) | C61: 114.18668 | D61: 5.5381545 | E61: 36.917836 | F61: 51.774538 | H61: 4 | I61: Chronic obstructive pulmonary disease (J40–J44) | J61: 74.647837 | K61: 4.9424606 | L61: 26.593451 | M61: 34.496463 | O61: 4 | P61: Lung cancer (C33, C34) | Q61: 175.53171 | R61: 4.9138874 | S61: 29.751159 | T61: 34.627913
A62: 5 | B62: Suicide (X60–X84, Y87.0) | C62: 102.67949 | D62: 4.9800455 | E62: 33.197432 | F62: 35.481118 | H62: 5 | I62: Cerebrovascular disease (I60–I69) | J62: 72.847074 | K62: 4.8232314 | L62: 25.951925 | M62: 33.879388 | O62: 5 | P62: Dementia including Alzheimer's disease (F01, F03, G30) | Q62: 148.359 | R62: 4.1532064 | S62: 25.145612 | T62: 45.558314
A63: 6 | B63: Land transport accidents (V01–V89, Y85) | C63: 78.213205 | D63: 3.7934092 | E63: 25.287207 | F63: 25.474658 | H63: 6 | I63: Lung cancer (C33, C34) | J63: 60.396478 | K63: 3.9988729 | L63: 21.516374 | M63: 25.096956 | O63: 6 | P63: Suicide (X60–X84, Y87.0) | Q63: 138.15044 | R63: 3.8674249 | S63: 23.415346 | T63: 24.465568
A64: 7 | B64: Dementia including Alzheimer's disease (F01, F03, G30) | C64: 59.159258 | D64: 2.869276 | E64: 19.126852 | F64: 40.588859 | H64: 7 | I64: Kidney failure (N17–N19) | J64: 42.202572 | K64: 2.7942478 | L64: 15.034756 | M64: 19.772636 | O64: 7 | P64: Cerebrovascular disease (I60–I69) | Q64: 125.73586 | R64: 3.5198873 | S64: 21.311178 | T64: 29.731663
A65: 8 | B65: Prostate cancer (C61) | C65: 56.335615 | D65: 2.7323269 | E65: 18.213937 | F65: 30.538673 | H65: 8 | I65: Breast cancer (C50) | J65: 39.79328 | K65: 2.6347276 | L65: 14.176441 | M65: 17.889164 | O65: 8 | P65: Land transport accidents (V01–V89, Y85) | Q65: 115.40433 | R65: 3.2306634 | S65: 19.56007 | T65: 19.592836
A66: 9 | B66: Cerebrovascular disease (I60–I69) | C66: 52.888786 | D66: 2.5651526 | E66: 17.099538 | F66: 24.89973 | H66: 9 | I66: Land transport accidents (V01–V89, Y85) | J66: 37.191124 | K66: 2.4624379 | L66: 13.249417 | M66: 13.18911 | O66: 9 | P66: Kidney failure (N17–N19) | Q66: 74.136438 | R66: 2.0753977 | S66: 12.565507 | T66: 17.339136
A67: 10 | B67: Colorectal cancer (C18–C20, C26.0) | C67: 41.249633 | D67: 2.0006435 | E67: 13.336469 | F67: 17.844887 | H67: 10 | I67: Suicide (X60–X84, Y87.0) | J67: 35.470954 | K67: 2.3485448 | L67: 12.636603 | M67: 12.606454 | O67: 10 | P67: Colorectal cancer (C18–C20, C26.0) | Q67: 71.876366 | R67: 2.0121285 | S67: 12.182444 | T67: 17.371636
B68: Leading 10 causes combined | C68: 1040.2386 | D68: 50.5 | E68: .. | F68: .. | I68: Leading 10 causes combined | J68: 759.28558 | K68: 50.3 | L68: .. | M68: .. | P68: Leading 10 causes combined | Q68: 1765.9558 | R68: 49.4 | S68: .. | T68: ..
B69: All causes | C69: 2061.8183 | D69: 100 | E69: 666.609 | F69: 869.02808 | I69: All causes | J69: 1510.3375 | K69: 100 | L69: 538.06095 | M69: 685.80099 | P69: All causes | Q69: 3572.1558 | R69: 100 | S69: 605.45057 | T69: 779.04619
A70: ASR age-standardised rate
A71: .. not applicable
A72: Notes
A73: 1. Year refers to year of registration of death. Deaths registered in 2021 are based on the revised version of cause of death data; deaths registered in 2022 and 2023 are based on the preliminary version. Revised and preliminary versions are subject to further revision by the Australian Bureau of Statistics (ABS).
A74: 2. Rates are expressed as deaths per 100,000 population. Age-standardised rates are directly standardised to the Australian estimated resident population at 30 June 2001.
A75: 3. Leading causes of death are based on underlying causes of death and classified using an AIHW-modified version of Becker R, Sivli J, Ma Fat, L'Hours A, Laurenti R. 2006. A method for deriving leading causes of death. Bulletin of the World Health Organization 84: 297–304. International Statistical Classification of Diseases and Related Health Problems, 10th revision (ICD-10) codes are presented in parentheses.
A76: 4. Geography is based on area of usual residence—Statistical Local Area Level 2 (SA2)—classified according to Remoteness Area 2021. Correspondence files are sourced from Australian Statistical Geography Standard (ASGS) Edition 3: Remoteness Structure (ABS 2021). Unknown/missing includes deaths where place of usual residence was overseas, no fixed abode, offshore and migratory, and undefined.
A77: Source: AIHW National Mortality Database.

Sheet Table S7.5
A1: Table S7.5: Leading potentially avoidable cause of death (among people aged under 75), number, per cent and rates, by sex and Remoteness area, 2021–2023
A2: Back to contents
C3: Major cities of Australia | I3: Inner regional Australia | O3: Outer regional Australia | U3: Remote Australia | AA3: Very remote Australia
A4: Sex and rank | B4: Cause of death | C4: Number | D4: Per cent | E4: Crude rate (per 100,000) | F4: ASR (per 100,000) | H4: Cause of death | I4: Number | J4: Per cent | K4: Crude rate (per 100,000) | L4: ASR (per 100,000) | N4: Cause of death | O4: Number | P4: Per cent | Q4: Crude rate (per 100,000) | R4: ASR (per 100,000) | T4: Cause of death | U4: Number | V4: Per cent | W4: Crude rate (per 100,000) | X4: ASR (per 100,000) | Z4: Cause of death | AA4: Number | AB4: Per cent | AC4: Crude rate (per 100,000) | AD4: ASR (per 100,000)
A5: Persons
A6: 1 | B6: Coronary (ischaemic) heart disease | C6: 9310.218 | D6: 8.5 | E6: 17.7 | F6: 15.3 | H6: Coronary (ischaemic) heart disease | I6: 3498.3265 | J6: 8.7 | K6: 27.9 | L6: 18.5 | N6: Coronary (ischaemic) heart disease | O6: 1946.7463 | P6: 9.8 | Q6: 33.8 | R6: 23 | T6: Ischaemic/Coronary heart disease | U6: 341.68914 | V6: 11.6 | W6: 40 | X6: 33.1 | Z6: Ischaemic/Coronary heart disease | AA6: 314.02006 | AB6: 13.8 | AC6: 55.1 | AD6: 54.9
A7: 2 | B7: Suicide and self-inflicted injuries | C7: 5470.3503 | D7: 5 | E7: 10.4 | F7: 10.1 | H7: COPD | I7: 2059.3708 | J7: 5.1 | K7: 16.4 | L7: 9.6 | N7: COPD | O7: 1074.9277 | P7: 5.4 | Q7: 18.7 | R7: 11.4 | T7: Suicide and self-inflicted injuries | U7: 169.67009 | V7: 5.7 | W7: 19.9 | X7: 20.8 | Z7: Diabetes | AA7: 195.17977 | AB7: 8.6 | AC7: 34.2 | AD7: 34.2
A8: 3 | B8: Cancer of the colon, sigmoid, rectum and anus | C8: 4432.8575 | D8: 4.1 | E8: 8.4 | F8: 7.4 | H8: Suicide and self-inflicted injuries | I8: 1985.0515 | J8: 4.9 | K8: 15.8 | L8: 16.2 | N8: Suicide and self-inflicted injuries | O8: 994.10948 | P8: 5 | Q8: 17.3 | R8: 17.5 | T8: Diabetes | U8: 152.07844 | V8: 5.1 | W8: 17.8 | X8: 14.8 | Z8: Suicide and self-inflicted injuries | AA8: 129.81863 | AB8: 5.7 | AC8: 22.8 | AD8: 23.2
A9: 4 | B9: COPD | C9: 3669.9926 | D9: 3.4 | E9: 7 | F9: 5.8 | H9: Cancer of the colon, sigmoid, rectum and anus | I9: 1592.9783 | J9: 4 | K9: 12.7 | L9: 8.5 | N9: Cancer of the colon, sigmoid, rectum and anus | O9: 739.14735 | P9: 3.7 | Q9: 12.8 | R9: 8.9 | T9: Transport accidents | U9: 135.60375 | V9: 4.6 | W9: 15.9 | X9: 16.5 | Z9: Transport accidents | AA9: 120.84751 | AB9: 5.3 | AC9: 21.2 | AD9: 21.3
A10: 5 | B10: Cerebrovascular diseases | C10: 3555.6798 | D10: 3.3 | E10: 6.7 | F10: 5.8 | H10: Cerebrovascular diseases | I10: 1223.7946 | J10: 3 | K10: 9.8 | L10: 6.3 | N10: Transport accidents | O10: 664.03777 | P10: 3.3 | Q10: 11.5 | R10: 11.7 | T10: COPD | U10: 133.81602 | V10: 4.5 | W10: 15.7 | X10: 12.3 | Z10: COPD | AA10: 104.89298 | AB10: 4.6 | AC10: 18.4 | AD10: 18.9
A11: 6 | B11: Breast cancer | C11: 3337.4219 | D11: 3.1 | E11: 6.3 | F11: 5.6 | H11: Diabetes | I11: 1183.5328 | J11: 2.9 | K11: 9.4 | L11: 6.1 | N11: Diabetes | O11: 610.78746 | P11: 3.1 | Q11: 10.6 | R11: 7 | T11: Cerebrovascular diseases | U11: 104.37364 | V11: 3.5 | W11: 12.2 | X11: 10 | Z11: Cerebrovascular diseases | AA11: 72.179815 | AB11: 3.2 | AC11: 12.7 | AD11: 12.8
A12: 7 | B12: Diabetes | C12: 3171.4216 | D12: 2.9 | E12: 6 | F12: 5.1 | H12: Breast cancer | I12: 1123.2636 | J12: 2.8 | K12: 9 | L12: 6.3 | N12: Cerebrovascular diseases | O12: 595.9722 | P12: 3 | Q12: 10.3 | R12: 6.9 | T12: Cancer of the colon, sigmoid, rectum and anus | U12: 80.207625 | V12: 2.7 | W12: 9.4 | X12: 7.5 | Z12: Rheumatic and other valvular heart disease | AA12: 37.488299 | AB12: 1.6 | AC12: 6.6 | AD12: 6.5
A13: 8 | B13: Accidental poisoning | C13: 2934.5504 | D13: 2.7 | E13: 5.6 | F13: 5.5 | H13: Transport accidents | I13: 1023.6891 | J13: 2.5 | K13: 8.2 | L13: 8.1 | N13: Breast cancer | O13: 473.79783 | P13: 2.4 | Q13: 8.2 | R13: 5.7 | T13: Breast cancer | U13: 65.488948 | V13: 2.2 | W13: 7.7 | X13: 6.4 | Z13: Renal failure | AA13: 37.201477 | AB13: 1.6 | AC13: 6.5 | AD13: 6.4
A14: 9 | B14: Transport accidents | C14: 1648.8219 | D14: 1.5 | E14: 3.1 | F14: 3 | H14: Skin cancer | I14: 671.53409 | J14: 1.7 | K14: 5.4 | L14: 3.4 | N14: Prostate cancer | O14: 312.44641 | P14: 1.6 | Q14: 5.4 | R14: 3.2 | T14: Selected invasive infections | U14: 38.832825 | V14: 1.3 | W14: 4.5 | X14: 4 | Z14: Cancer of the colon, sigmoid, rectum and anus | AA14: 35.80932 | AB14: 1.6 | AC14: 6.3 | AD14: 6.6
A15: 10 | B15: Prostate cancer | C15: 1474.4809 | D15: 1.4 | E15: 2.8 | F15: 2.3 | H15: Prostate cancer | I15: 671.24416 | J15: 1.7 | K15: 5.4 | L15: 3 | N15: Skin cancer | O15: 311.12484 | P15: 1.6 | Q15: 5.4 | R15: 3.5 | T15: Rheumatic and other valvular heart disease | U15: 37.117614 | V15: 1.3 | W15: 4.3 | X15: 4.1 | Z15: Selected invasive infections | AA15: 35.786881 | AB15: 1.6 | AC15: 6.3 | AD15: 6.3
B16: Total potentially avoidable deaths | C16: 51270.358 | D16: 47 | E16: 97.3 | F16: 87.1 | H16: Total potentially avoidable deaths | I16: 19377.783 | J16: 48.2 | K16: 154.7 | L16: 113.2 | N16: Total potentially avoidable deaths | O16: 9916.1463 | P16: 49.8 | Q16: 172.1 | R16: 129.8 | T16: Total potentially avoidable deaths | U16: 1617.6703 | V16: 54.7 | W16: 189.3 | X16: 166.2 | Z16: Total potentially avoidable deaths | AA16: 1393.0421 | AB16: 61.3 | AC16: 244.4 | AD16: 245.3
B17: All other deaths less than age 75 | C17: 57895.922 | D17: 53 | E17: 109.9 | F17: 95.4 | H17: All other deaths less than age 75 | I17: 20819.46 | J17: 51.8 | K17: 166.2 | L17: 109.5 | N17: All other deaths less than age 75 | O17: 9999.9321 | P17: 50.2 | Q17: 173.5 | R17: 118.2 | T17: Other causes of death | U17: 1337.7117 | V17: 45.3 | W17: 156.5 | X17: 128.6 | Z17: All other deaths less than age 75 | AA17: 880.97425 | AB17: 38.7 | AC17: 154.6 | AD17: 152.9
B18: Total deaths less than age 75 | C18: 109166.28 | D18: 100 | E18: 207.2 | F18: 182.5 | H18: Total deaths less than age 75 | I18: 40197.243 | J18: 100 | K18: 320.8 | L18: 222.7 | N18: Total deaths less than age 75 | O18: 19916.078 | P18: 100 | Q18: 345.6 | R18: 248.1 | T18: Total all causes of death | U18: 2955.3819 | V18: 100 | W18: 345.8 | X18: 294.8 | Z18: Total deaths less than age 75 | AA18: 2274.0164 | AB18: 100 | AC18: 399 | AD18: 398.2
A19: Males
A20: 1 | B20: Coronary (ischaemic) heart disease | C20: 7326.9483 | D20: 11 | E20: 27.9 | F20: 25.1 | H20: Coronary (ischaemic) heart disease | I20: 2689.4745 | J20: 10.9 | K20: 43 | L20: 29.2 | N20: Coronary (ischaemic) heart disease | O20: 1438.3567 | P20: 11.4 | Q20: 49 | R20: 33.5 | T20: Ischaemic/Coronary heart disease | U20: 264.67494 | V20: 14.3 | W20: 59.6 | X20: 48.1 | Z20: Ischaemic/Coronary heart disease | AA20: 215.54551 | AB20: 15.8 | AC20: 71.9 | AD20: 69.2
A21: 2 | B21: Suicide and self-inflicted injuries | C21: 4015.5681 | D21: 6 | E21: 15.3 | F21: 15 | H21: Suicide and self-inflicted injuries | I21: 1528.9662 | J21: 6.2 | K21: 24.4 | L21: 25.1 | N21: Suicide and self-inflicted injuries | O21: 788.71597 | P21: 6.2 | Q21: 26.9 | R21: 27.1 | T21: Suicide and self-inflicted injuries | U21: 141.99594 | V21: 7.7 | W21: 32 | X21: 33.3 | Z21: Suicide and self-inflicted injuries | AA21: 94.753754 | AB21: 6.9 | AC21: 31.6 | AD21: 32.2
A22: 3 | B22: Cancer of the colon, sigmoid, rectum and anus | C22: 2522.0252 | D22: 3.8 | E22: 9.6 | F22: 8.7 | H22: COPD | I22: 1107.0529 | J22: 4.5 | K22: 17.7 | L22: 10.5 | N22: COPD | O22: 616.34186 | P22: 4.9 | Q22: 21 | R22: 12.7 | T22: Transport accidents | U22: 107.75113 | V22: 5.8 | W22: 24.3 | X22: 25.3 | Z22: Diabetes | AA22: 87.088368 | AB22: 6.4 | AC22: 29 | AD22: 28.1
A23: 4 | B23: Diabetes | C23: 2082.7829 | D23: 3.1 | E23: 7.9 | F23: 7.1 | H23: Cancer of the colon, sigmoid, rectum and anus | I23: 940.97853 | J23: 3.8 | K23: 15 | L23: 10.1 | N23: Transport accidents | O23: 528.16008 | P23: 4.2 | Q23: 18 | R23: 18.2 | T23: Diabetes | U23: 77.875039 | V23: 4.2 | W23: 17.5 | X23: 14.1 | Z23: Transport accidents | AA23: 81.48062 | AB23: 6 | AC23: 27.2 | AD23: 26.9
A24: 5 | B24: Accidental poisoning | C24: 2063.8606 | D24: 3.1 | E24: 7.9 | F24: 7.9 | H24: Diabetes | I24: 772.28473 | J24: 3.1 | K24: 12.3 | L24: 8.1 | N24: Cancer of the colon, sigmoid, rectum and anus | O24: 455.2296 | P24: 3.6 | Q24: 15.5 | R24: 10.5 | T24: COPD | U24: 72.084118 | V24: 3.9 | W24: 16.2 | X24: 12.3 | Z24: COPD | AA24: 61.094697 | AB24: 4.5 | AC24: 20.4 | AD24: 20.5
A25: 6 | B25: COPD | C25: 1977.4264 | D25: 3 | E25: 7.5 | F25: 6.5 | H25: Transport accidents | I25: 771.73792 | J25: 3.1 | K25: 12.3 | L25: 12.2 | N25: Diabetes | O25: 385.969 | P25: 3 | Q25: 13.2 | R25: 8.7 | T25: Cancer of the colon, sigmoid, rectum and anus | U25: 52.949954 | V25: 2.9 | W25: 11.9 | X25: 9.2 | Z25: Cerebrovascular diseases | AA25: 29.129388 | AB25: 2.1 | AC25: 9.7 | AD25: 9.6
A26: 7 | B26: Cerebrovascular diseases | C26: 1976.6996 | D26: 3 | E26: 7.5 | F26: 6.7 | H26: Cerebrovascular diseases | I26: 676.39427 | J26: 2.7 | K26: 10.8 | L26: 7.1 | N26: Cerebrovascular diseases | O26: 351.45059 | P26: 2.8 | Q26: 12 | R26: 8 | T26: Cerebrovascular diseases | U26: 49.326121 | V26: 2.7 | W26: 11.1 | X26: 8.6 | Z26: Cancer of the colon, sigmoid, rectum and anus | AA26: 25.816671 | AB26: 1.9 | AC26: 8.6 | AD26: 8.6
A27: 8 | B27: Prostate cancer | C27: 1474.4809 | D27: 2.2 | E27: 5.6 | F27: 4.8 | H27: Prostate cancer | I27: 671.24416 | J27: 2.7 | K27: 10.7 | L27: 6.1 | N27: Prostate cancer | O27: 312.44641 | P27: 2.5 | Q27: 10.6 | R27: 6.2 | T27: Prostate cancer | U27: 35.127863 | V27: 1.9 | W27: 7.9 | X27: 5.8 | Z27: Selected invasive infections | AA27: 21.681418 | AB27: 1.6 | AC27: 7.2 | AD27: 7.1
A28: 9 | B28: Transport accidents | C28: 1327.8702 | D28: 2 | E28: 5.1 | F28: 5 | H28: Skin cancer | I28: 477.36137 | J28: 1.9 | K28: 7.6 | L28: 4.8 | N28: Skin cancer | O28: 222.32041 | P28: 1.8 | Q28: 7.6 | R28: 4.8 | T28: Selected invasive infections | U28: 23.770823 | V28: 1.3 | W28: 5.4 | X28: 4.8 | Z28: Complications of the perinatal period | AA28: 20.068484 | AB28: 1.5 | AC28: 6.7 | AD28: 6.6
A29: 10 | B29: Skin cancer | C29: 1005.8435 | D29: 1.5 | E29: 3.8 | F29: 3.4 | H29: Accidental poisoning | I29: 419.25281 | J29: 1.7 | K29: 6.7 | L29: 7.1 | N29: Accidental poisoning | O29: 183.30693 | P29: 1.4 | Q29: 6.2 | R29: 6.6 | T29: Accidental poisoning | U29: 23.452949 | V29: 1.3 | W29: 5.3 | X29: 5.2 | Z29: Prostate cancer | AA29: 19.700645 | AB29: 1.4 | AC29: 6.6 | AD29: 6.2
B30: Total potentially avoidable deaths | C30: 32273.071 | D30: 48.6 | E30: 122.8 | F30: 113.3 | H30: Total potentially avoidable deaths | I30: 12333.709 | J30: 49.8 | K30: 197.2 | L30: 147.7 | N30: Total potentially avoidable deaths | O30: 6452.4641 | P30: 51 | Q30: 219.9 | R30: 167.3 | T30: Total potentially avoidable deaths | U30: 1046.693 | V30: 56.4 | W30: 235.7 | X30: 205.1 | Z30: Total potentially avoidable deaths | AA30: 839.06269 | AB30: 61.5 | AC30: 279.8 | AD30: 275.5
B31: All other deaths less than age 75 | C31: 34134.695 | D31: 51.4 | E31: 129.9 | F31: 117 | H31: All other deaths less than age 75 | I31: 12441.957 | J31: 50.2 | K31: 198.9 | L31: 133.2 | N31: All other deaths less than age 75 | O31: 6211.8159 | P31: 49 | Q31: 211.7 | R31: 143.8 | T31: All other deaths less than age 75 | U31: 807.65209 | V31: 43.6 | W31: 181.9 | X31: 145.9 | Z31: All other deaths less than age 75 | AA31: 525.87968 | AB31: 38.5 | AC31: 175.4 | AD31: 169.3
B32: Total deaths less than age 75 | C32: 66407.766 | D32: 100 | E32: 252.7 | F32: 230.3 | H32: Total deaths less than age 75 | I32: 24775.666 | J32: 100 | K32: 396.1 | L32: 280.9 | N32: Total deaths less than age 75 | O32: 12664.28 | P32: 100 | Q32: 431.6 | R32: 311.2 | T32: Total deaths less than age 75 | U32: 1854.345 | V32: 100 | W32: 417.6 | X32: 351 | Z32: Total deaths less than age 75 | AA32: 1364.9424 | AB32: 100 | AC32: 455.2 | AD32: 444.8
A33: Females
A34: 1 | B34: Breast cancer | C34: 3337.4219 | D34: 7.8 | E34: 12.6 | F34: 10.9 | H34: Breast cancer | I34: 1123.2636 | J34: 7.3 | K34: 17.9 | L34: 12.4 | N34: Coronary (ischaemic) heart disease | O34: 508.38963 | P34: 7 | Q34: 18 | R34: 12.3 | T34: Ischaemic/Coronary heart disease | U34: 77.014197 | V34: 7 | W34: 18.8 | X34: 16 | Z34: Diabetes | AA34: 108.0914 | AB34: 11.9 | AC34: 40 | AD34: 41.4
A35: 2 | B35: Coronary (ischaemic) heart disease | C35: 1983.2696 | D35: 4.6 | E35: 7.5 | F35: 6.2 | H35: COPD | I35: 952.31785 | J35: 6.2 | K35: 15.2 | L35: 8.7 | N35: Breast cancer | O35: 473.79783 | P35: 6.5 | Q35: 16.8 | R35: 11.6 | T35: Diabetes | U35: 74.203396 | V35: 6.7 | W35: 18.1 | X35: 15.5 | Z35: Ischaemic/Coronary heart disease | AA35: 98.474553 | AB35: 10.8 | AC35: 36.5 | AD35: 38
A36: 3 | B36: Cancer of the colon, sigmoid, rectum and anus | C36: 1910.8322 | D36: 4.5 | E36: 7.2 | F36: 6.2 | H36: Coronary (ischaemic) heart disease | I36: 808.85197 | J36: 5.2 | K36: 12.9 | L36: 8.2 | N36: COPD | O36: 458.58582 | P36: 6.3 | Q36: 16.2 | R36: 10 | T36: Breast cancer | U36: 65.488948 | V36: 5.9 | W36: 15.9 | X36: 13.6 | Z36: COPD | AA36: 43.798279 | AB36: 4.8 | AC36: 16.2 | AD36: 17.1
A37: 4 | B37: COPD | C37: 1692.5661 | D37: 4 | E37: 6.4 | F37: 5.1 | H37: Cancer of the colon, sigmoid, rectum and anus | I37: 651.99972 | J37: 4.2 | K37: 10.4 | L37: 7 | N37: Cancer of the colon, sigmoid, rectum and anus | O37: 283.91774 | P37: 3.9 | Q37: 10 | R37: 7.2 | T37: COPD | U37: 61.731907 | V37: 5.6 | W37: 15 | X37: 12.3 | Z37: Cerebrovascular diseases | AA37: 43.050427 | AB37: 4.7 | AC37: 15.9 | AD37: 16.7
A38: 5 | B38: Cerebrovascular diseases | C38: 1578.9801 | D38: 3.7 | E38: 6 | F38: 5 | H38: Cerebrovascular diseases | I38: 547.4003 | J38: 3.5 | K38: 8.7 | L38: 5.6 | N38: Cerebrovascular diseases | O38: 244.52161 | P38: 3.4 | Q38: 8.6 | R38: 5.8 | T38: Cerebrovascular diseases | U38: 55.047523 | V38: 5 | W38: 13.4 | X38: 11.6 | Z38: Transport accidents | AA38: 39.366887 | AB38: 4.3 | AC38: 14.6 | AD38: 15
A39: 6 | B39: Suicide and self-inflicted injuries | C39: 1454.7822 | D39: 3.4 | E39: 5.5 | F39: 5.4 | H39: Suicide and self-inflicted injuries | I39: 456.08529 | J39: 3 | K39: 7.3 | L39: 7.4 | N39: Diabetes | O39: 224.81846 | P39: 3.1 | Q39: 7.9 | R39: 5.3 | T39: Transport accidents | U39: 27.852612 | V39: 2.5 | W39: 6.8 | X39: 7.1 | Z39: Suicide and self-inflicted injuries | AA39: 35.064874 | AB39: 3.9 | AC39: 13 | AD39: 13.1
A40: 7 | B40: Diabetes | C40: 1088.6387 | D40: 2.5 | E40: 4.1 | F40: 3.4 | H40: Diabetes | I40: 411.24802 | J40: 2.7 | K40: 6.6 | L40: 4.2 | N40: Suicide and self-inflicted injuries | O40: 205.39351 | P40: 2.8 | Q40: 7.3 | R40: 7.7 | T40: Suicide and self-inflicted injuries | U40: 27.674155 | V40: 2.5 | W40: 6.7 | X40: 7.5 | Z40: Rheumatic and other valvular heart disease | AA40: 25.79003 | AB40: 2.8 | AC40: 9.5 | AD40: 9.7
A41: 8 | B41: Accidental poisoning | C41: 870.6898 | D41: 2 | E41: 3.3 | F41: 3.2 | H41: Transport accidents | I41: 251.95118 | J41: 1.6 | K41: 4 | L41: 4.1 | N41: Transport accidents | O41: 135.87769 | P41: 1.9 | Q41: 4.8 | R41: 4.9 | T41: Cancer of the colon, sigmoid, rectum and anus | U41: 27.257671 | V41: 2.5 | W41: 6.6 | X41: 5.7 | Z41: Breast cancer | AA41: 24.027708 | AB41: 2.6 | AC41: 8.9 | AD41: 9
A42: 9 | B42: Selected invasive infections | C42: 526.7093 | D42: 1.2 | E42: 2 | F42: 1.7 | H42: Skin cancer | I42: 194.17272 | J42: 1.3 | K42: 3.1 | L42: 2.1 | N42: Accidental poisoning | O42: 89.46584 | P42: 1.2 | Q42: 3.2 | R42: 3 | T42: Rheumatic and other valvular heart disease | U42: 19.742464 | V42: 1.8 | W42: 4.8 | X42: 4.4 | Z42: Renal failure | AA42: 22.700054 | AB42: 2.5 | AC42: 8.4 | AD42: 8.7
A43: 10 | B43: Complications of the perinatal period | C43: 471.99209 | D43: 1.1 | E43: 1.8 | F43: 2 | H43: Accidental poisoning | I43: 193.94592 | J43: 1.3 | K43: 3.1 | L43: 3 | N43: Skin cancer | O43: 88.804428 | P43: 1.2 | Q43: 3.1 | R43: 2.1
B44: Total potentially avoidable deaths | C44: 18997.287 | D44: 44.4 | E44: 71.9 | F44: 62.4 | H44: Total potentially avoidable deaths | I44: 7044.0738 | J44: 45.7 | K44: 112.3 | L44: 79.5 | N44: Total potentially avoidable deaths | O44: 3463.6822 | P44: 47.8 | Q44: 122.5 | R44: 90.9 | T44: Total potentially avoidable deaths | U44: 570.97733 | V44: 51.9 | W44: 139.1 | X44: 123.3 | Z44: Total potentially avoidable deaths | AA44: 553.97945 | AB44: 60.9 | AC44: 205.1 | AD44: 210.9
B45: All other deaths less than age 75 | C45: 23761.226 | D45: 55.6 | E45: 90 | F45: 75.3 | H45: All other deaths less than age 75 | I45: 8377.5032 | J45: 54.3 | K45: 133.5 | L45: 86.7 | N45: All other deaths less than age 75 | O45: 3788.1162 | P45: 52.2 | Q45: 134 | R45: 91.7 | T45: All other deaths less than age 75 | U45: 530.05957 | V45: 48.1 | W45: 129.1 | X45: 108.8 | Z45: All other deaths less than age 75 | AA45: 355.09457 | AB45: 39.1 | AC45: 131.5 | AD45: 133.5
B46: Total deaths less than age 75 | C46: 42758.514 | D46: 100 | E46: 161.9 | F46: 137.8 | H46: Total deaths less than age 75 | I46: 15421.577 | J46: 100 | K46: 245.8 | L46: 166.2 | N46: Total deaths less than age 75 | O46: 7251.7984 | P46: 100 | Q46: 256.4 | R46: 182.6 | T46: Total deaths less than age 75 | U46: 1101.0369 | V46: 100 | W46: 268.2 | X46: 232.1 | Z46: Total deaths less than age 75 | AA46: 909.07402 | AB46: 100 | AC46: 336.6 | AD46: 344.4
A47: ASR age-standardised death rate
A48: Notes:
A49: 1. Deaths are counted according to year of registration of death, and state or territory of usual residence.
A50: 2. Deaths registered in 2021 are based on the revised version of cause of death data; deaths registered in 2022 and 2023 are based on the preliminary version. Revised and preliminary versions are subject to further revision by the Australian Bureau of Statistics.
A51: 3. Rates are expressed as deaths per 100,000 population. Age-standardised rates are directly standardised to the Australian estimated resident population at 30 June 2001.
A52: 4. Potentially avoidable deaths are deaths from conditions that are potentially preventable through individualised care and/or treatable through existing primary or hospital care. They are classified using nationally agreed definitions based on cause of death for people aged less than 75 (AIHW 2021. National Healthcare Agreement: PI 16—Potentially avoidable deaths, 2022. Viewed 07 January 2025, <https://meteor.aihw.gov.au/content/index.phtml/itemId/740864>).
A53: 5. Geography is based on area of usual residence—Statistical Local Area Level 2 (SA2)—classified according to Remoteness Area 2021. Correspondence files are sourced from Australian Statistical Geography Standard (ASGS) Edition 3: Remoteness Structure (ABS 2021). Unknown/missing includes deaths where place of usual residence was overseas, no fixed abode, offshore and migratory, and undefined.
A54: 6. Leading 10 causes of potentially avoidable deaths. Deaths with counts less than 20 were excluded from the table. Any causes of death with sex breakdowns resulting in the re-identification of small numbers were also excluded.
A55: Source: AIHW National Mortality Database.

Sheet Table S7.6
A1: Table S7.6: Leading underlying causes of death, number, per cent and rates, by sex and Socioeconomic area, 2021-2023
A2: Back to contents
B3: Males | I3: Females | P3: Persons
A4: Socio- economic Area and rank | B4: Cause of death | C4: Number | D4: Per cent | E4: Crude rate (deaths per 100,000) | F4: ASR (deaths per 100,000) | H4: Socio- economic Area and rank | I4: Cause of death | J4: Number | K4: Per cent | L4: Crude rate (deaths per 100,000) | M4: ASR (deaths per 100,000) | O4: Socio- economic Area and rank | P4: Cause of death | Q4: Number | R4: Per cent | S4: Crude rate (deaths per 100,000) | T4: ASR (deaths per 100,000)
A5: Quintile 1 (lowest socioeconomic area) | H5: Quintile 1 (lowest socioeconomic area) | O5: Quintile 1 (lowest socioeconomic area)
A6: 1 | B6: Coronary heart disease (I20–I25) | C6: 8355 | D6: 11.746924 | E6: 107.08215 | F6: 87.195346 | H6: 1 | I6: Dementia including Alzheimer's disease (F01, F03, G30) | J6: 6450 | K6: 10.558711 | L6: 82.968444 | M6: 47.701851 | O6: 1 | P6: Coronary heart disease (I20–I25) | Q6: 13532 | R6: 10.235077 | S6: 86.874676 | T6: 63.141672
A7: 2 | B7: Lung cancer (C33, C34) | C7: 4389 | D7: 6.170826 | E7: 56.251771 | F7: 44.246993 | H7: 2 | I7: Coronary heart disease (I20–I25) | J7: 5177 | K7: 8.4747982 | L7: 66.593431 | M7: 41.793391 | O7: 2 | P7: Dementia including Alzheimer's disease (F01, F03, G30) | Q7: 10114 | R7: 7.6498351 | S7: 64.931309 | T7: 43.57217
A8: 3 | B8: Chronic obstructive pulmonary disease (COPD) (J40–J44) | C8: 3683 | D8: 5.1782074 | E8: 47.203298 | F8: 37.106827 | H8: 3 | I8: Cerebrovascular disease (I60–I69) | J8: 3634 | K8: 5.9488926 | L8: 46.745322 | M8: 29.116854 | O8: 3 | P8: Lung cancer (C33, C34) | Q8: 7431 | R8: 5.6205186 | S8: 47.7066 | T8: 35.309261
A9: 4 | B9: Dementia including Alzheimer's disease (F01, F03, G30) | C9: 3664 | D9: 5.1514938 | E9: 46.959783 | F9: 37.495902 | H9: 4 | I9: Lung cancer (C33, C34) | J9: 3042 | K9: 4.9797829 | L9: 39.130233 | M9: 27.574485 | O9: 4 | P9: Chronic obstructive pulmonary disease (COPD) (J40–J44) | Q9: 6669 | R9: 5.0441715 | S9: 42.814603 | T9: 30.685473
A10: 5 | B10: Cerebrovascular disease (I60–I69) | C10: 3031 | D10: 4.2615114 | E10: 38.846917 | F10: 31.374194 | H10: 5 | I10: Chronic obstructive pulmonary disease (COPD) (J40–J44) | J10: 2986 | K10: 4.8881104 | L10: 38.409887 | M10: 25.488791 | O10: 5 | P10: Cerebrovascular disease (I60–I69) | Q10: 6665 | R10: 5.041146 | S10: 42.788924 | T10: 30.323993
A11: 6 | B11: Diabetes (E10–E14) | C11: 2775 | D11: 3.9015817 | E11: 35.565884 | F11: 28.733423 | H11: 6 | I11: Diabetes (E10–E14) | J11: 2324 | K11: 3.8044101 | L11: 29.894366 | M11: 19.725134 | O11: 6 | P11: Diabetes (E10–E14) | Q11: 5099 | R11: 3.8566847 | S11: 32.735292 | T11: 23.989913
A12: 7 | B12: Prostate cancer (C61) | C12: 2553 | D12: 3.5894552 | E12: 32.720613 | F12: 25.746368 | H12: 7 | I12: Breast cancer (C50) | J12: 2017 | K12: 3.3018482 | L12: 25.945326 | M12: 18.784407 | O12: 7 | P12: Coronavirus disease 2019 (COVID-19) (U07.1, U07.2, U10.9) | Q12: 4212 | R12: 3.1857925 | S12: 27.040802 | T12: 19.099082
A13: 8 | B13: Coronavirus disease 2019 (COVID-19) (U07.1, U07.2, U10.9) | C13: 2290 | D13: 3.2196837 | E13: 29.349865 | F13: 23.550247 | H13: 8 | I13: Coronavirus disease 2019 (COVID-19) (U07.1, U07.2, U10.9) | J13: 1922 | K13: 3.1463323 | L13: 24.72331 | M13: 15.461426 | O13: 8 | P13: Colorectal cancer (C18–C20, C26.0) | Q13: 3819 | R13: 2.8885426 | S13: 24.517764 | T13: 18.287105
A14: 9 | B14: Colorectal cancer (C18–C20, C26.0) | C14: 2037 | D14: 2.8639719 | E14: 26.107281 | F14: 21.165271 | H14: 9 | I14: Colorectal cancer (C18–C20, C26.0) | J14: 1782 | K14: 2.9171509 | L14: 22.922444 | M14: 15.725179 | O14: 9 | P14: Heart failure and complications and ill-defined heart disease (I50–I51) | Q14: 2632 | R14: 1.9907421 | S14: 16.897291 | T14: 11.650762
A15: 10 | B15: Suicide (X60–X84, Y87.0) | C15: 1852 | D15: 2.6038664 | E15: 23.736222 | F15: 23.948897 | H15: 10 | I15: Heart failure and complications and ill-defined heart disease (I50–I51) | J15: 1462 | K15: 2.3933079 | L15: 18.806181 | M15: 11.022009 | O15: 10 | P15: Prostate cancer (C61) | Q15: 2553 | R15: 1.9309896 | S15: 16.390116 | T15: 11.444624
B16: Leading 10 causes combined | C16: 34629 | D16: 48.7 | E16: .. | F16: .. | I16: Leading 10 causes combined | J16: 30796 | K16: 50.4 | L16: .. | M16: .. | P16: Leading 10 causes combined | Q16: 62726 | R16: 47.4 | S16: .. | T16: ..
B17: All causes | C17: 71125 | D17: 100 | E17: 911.57604 | F17: 748.2902 | I17: All causes | J17: 61087 | K17: 100 | L17: 785.78191 | M17: 518.3298 | P17: All causes | Q17: 132212 | R17: 100 | S17: 848.79357 | T17: 627.60673
A18: Quintile 2 | H18: Quintile 2 | O18: Quintile 2
A19: 1 | B19: Coronary heart disease (I20–I25) | C19: 7587 | D19: 11.215078 | E19: 97.376257 | F19: 74.95497 | H19: 1 | I19: Dementia including Alzheimer's disease (F01, F03, G30) | J19: 7161 | K19: 11.786102 | L19: 91.311461 | M19: 49.730023 | O19: 1 | P19: Coronary heart disease (I20–I25) | Q19: 12539 | R19: 9.7649679 | S19: 80.204347 | T19: 54.732343
A20: 2 | B20: Dementia including Alzheimer's disease (F01, F03, G30) | C20: 4014 | D20: 5.9334812 | E20: 51.518162 | F20: 38.496791 | H20: 2 | I20: Coronary heart disease (I20–I25) | J20: 4952 | K20: 8.150367 | L20: 63.144024 | M20: 36.731628 | O20: 2 | P20: Dementia including Alzheimer's disease (F01, F03, G30) | Q20: 11175 | R20: 8.7027288 | S20: 71.479669 | T20: 45.110071
A21: 3 | B21: Lung cancer (C33, C34) | C21: 3877 | D21: 5.7309682 | E21: 49.759819 | F21: 37.403992 | H21: 3 | I21: Cerebrovascular disease (I60–I69) | J21: 3707 | K21: 6.1012542 | L21: 47.26876 | M21: 27.273251 | O21: 3 | P21: Lung cancer (C33, C34) | Q21: 6743 | R21: 5.2512305 | S21: 43.130865 | T21: 30.538997
A22: 4 | B22: Chronic obstructive pulmonary disease (COPD) (J40–J44) | C22: 3074 | D22: 4.5439763 | E22: 39.45362 | F22: 29.354922 | H22: 4 | I22: Lung cancer (C33, C34) | J22: 2866 | K22: 4.7170743 | L22: 36.544986 | M22: 24.636636 | O22: 4 | P22: Cerebrovascular disease (I60–I69) | Q22: 6689 | R22: 5.209177 | S22: 42.785459 | T22: 28.37695
A23: 5 | B23: Cerebrovascular disease (I60–I69) | C23: 2982 | D23: 4.4079823 | E23: 38.272835 | F23: 29.103219 | H23: 5 | I23: Chronic obstructive pulmonary disease (COPD) (J40–J44) | J23: 2777 | K23: 4.5705915 | L23: 35.410128 | M23: 22.279954 | O23: 5 | P23: Chronic obstructive pulmonary disease (COPD) (J40–J44) | Q23: 5851 | R23: 4.5565697 | S23: 37.425284 | T23: 25.425087
A24: 6 | B24: Prostate cancer (C61) | C24: 2663 | D24: 3.9364375 | E24: 34.178591 | F24: 25.300397 | H24: 6 | I24: Breast cancer (C50) | J24: 2124 | K24: 3.4958359 | L24: 27.083584 | M24: 19.054896 | O24: 6 | P24: Diabetes (E10–E14) | Q24: 4320 | R24: 3.3642764 | S24: 27.632409 | T24: 18.917384
A25: 7 | B25: Diabetes (E10–E14) | C25: 2348 | D25: 3.4708056 | E25: 30.135686 | F25: 22.871221 | H25: 7 | I25: Diabetes (E10–E14) | J25: 1972 | K25: 3.2456631 | L25: 25.145399 | M25: 15.350993 | O25: 7 | P25: Colorectal cancer (C18–C20, C26.0) | Q25: 3824 | R25: 2.9780076 | S25: 24.459799 | T25: 17.299755
A26: 8 | B26: Colorectal cancer (C18–C20, C26.0) | C26: 2057 | D26: 3.0406504 | E26: 26.400812 | F26: 20.26329 | H26: 8 | I26: Colorectal cancer (C18–C20, C26.0) | J26: 1767 | K26: 2.908259 | L26: 22.5314 | M26: 14.614581 | O26: 8 | P26: Coronavirus disease 2019 (COVID-19) (U07.1, U07.2, U10.9) | Q26: 3517 | R26: 2.7389259 | S26: 22.496107 | T26: 14.804502
A27: 9 | B27: Coronavirus disease 2019 (COVID-19) (U07.1, U07.2, U10.9) | C27: 1943 | D27: 2.872136 | E27: 24.937665 | F27: 18.769236 | H27: 9 | I27: Heart failure and complications and ill-defined heart disease (I50–I51) | J27: 1589 | K27: 2.6152935 | L27: 20.261683 | M27: 11.066458 | O27: 9 | P27: Heart failure and complications and ill-defined heart disease (I50–I51) | Q27: 2909 | R27: 2.2654352 | S27: 18.607101 | T27: 11.987134
A28: 10 | B28: Suicide (X60–X84, Y87.0) | C28: 1716 | D28: 2.5365854 | E28: 22.024207 | F28: 21.723251 | H28: 10 | I28: Coronavirus disease 2019 (COVID-19) (U07.1, U07.2, U10.9) | J28: 1574 | K28: 2.5906054 | L28: 20.070415 | M28: 11.637511 | O28: 10 | P28: Prostate cancer (C61) | Q28: 2663 | R28: 2.0738583 | S28: 17.033589 | T28: 11.240156
B29: Leading 10 causes combined | C29: 32261 | D29: 47.7 | E29: .. | F29: .. | I29: Leading 10 causes combined | J29: 30489 | K29: 50.2 | L29: .. | M29: .. | P29: Leading 10 causes combined | Q29: 60230 | R29: 46.9 | S29: .. | T29: ..
B30: All causes | C30: 67650 | D30: 100 | E30: 868.262 | F30: 674.97778 | I30: All causes | J30: 60758 | K30: 100 | L30: 774.73841 | M30: 480.4058 | P30: All causes | Q30: 128408 | R30: 100 | S30: 821.34778 | T30: 572.90035
A31: Quintile 3 | H31: Quintile 3 | O31: Quintile 3
A32: 1 | B32: Coronary heart disease (I20–I25) | C32: 6169 | D32: 11.278498 | E32: 79.436709 | F32: 66.012208 | H32: 1 | I32: Dementia including Alzheimer's disease (F01, F03, G30) | J32: 6056 | K32: 12.244485 | L32: 76.51323 | M32: 46.557598 | O32: 1 | P32: Coronary heart disease (I20–I25) | Q32: 10137 | R32: 9.7325166 | S32: 64.645516 | T32: 47.632763
A33: 2 | B33: Dementia including Alzheimer's disease (F01, F03, G30) | C33: 3486 | D33: 6.3732929 | E33: 44.888372 | F33: 37.053207 | H33: 2 | I33: Coronary heart disease (I20–I25) | J33: 3968 | K33: 8.0228068 | L33: 50.132843 | M33: 31.75737 | O33: 2 | P33: Dementia including Alzheimer's disease (F01, F03, G30) | Q33: 9542 | R33: 9.1612581 | S33: 60.851091 | T33: 42.681355
A34: 3 | B34: Lung cancer (C33, C34) | C34: 2949 | D34: 5.3915206 | E34: 37.973554 | F34: 30.810434 | H34: 3 | I34: Cerebrovascular disease (I60–I69) | J34: 3096 | K34: 6.2597303 | L34: 39.115747 | M34: 25.193195 | O34: 3 | P34: Cerebrovascular disease (I60–I69) | Q34: 5396 | R34: 5.1806905 | S34: 34.411286 | T34: 25.0499
A35: 4 | B35: Cerebrovascular disease (I60–I69) | C35: 2300 | D35: 4.2049838 | E35: 29.616539 | F35: 24.52329 | H35: 4 | I35: Lung cancer (C33, C34) | J35: 2134 | K35: 4.3146849 | L35: 26.961564 | M35: 19.547718 | O35: 4 | P35: Lung cancer (C33, C34) | Q35: 5083 | R35: 4.8801797 | S35: 32.415227 | T35: 24.72711
A36: 5 | B36: Prostate cancer (C61) | C36: 2199 | D36: 4.0203302 | E36: 28.315987 | F36: 23.137772 | H36: 5 | I36: Chronic obstructive pulmonary disease (COPD) (J40–J44) | J36: 1938 | K36: 3.9183971 | L36: 24.485244 | M36: 16.738693 | O36: 5 | P36: Chronic obstructive pulmonary disease (COPD) (J40–J44) | Q36: 4122 | R36: 3.9575253 | S36: 26.286753 | T36: 19.478849
A37: 6 | B37: Chronic obstructive pulmonary disease (COPD) (J40–J44) | C37: 2184 | D37: 3.9929064 | E37: 28.122835 | F37: 22.93272 | H37: 6 | I37: Breast cancer (C50) | J37: 1863 | K37: 3.7667563 | L37: 23.537673 | M37: 17.686729 | O37: 6 | P37: Diabetes (E10–E14) | Q37: 3266 | R37: 3.1356811 | S37: 20.827883 | T37: 15.449501
A38: 7 | B38: Diabetes (E10–E14) | C38: 1821 | D38: 3.3292502 | E38: 23.448573 | F38: 19.404929 | H38: 7 | I38: Colorectal cancer (C18–C20, C26.0) | J38: 1479 | K38: 2.9903556 | L38: 18.686108 | M38: 13.294085 | O38: 7 | P38: Colorectal cancer (C18–C20, C26.0) | Q38: 3151 | R38: 3.0252698 | S38: 20.094507 | T38: 15.480885
A39: 8 | B39: Colorectal cancer (C18–C20, C26.0) | C39: 1672 | D39: 3.0568404 | E39: 21.529936 | F39: 17.997928 | H39: 8 | I39: Diabetes (E10–E14) | J39: 1445 | K39: 2.9216118 | L39: 18.256542 | M39: 12.039771 | O39: 8 | P39: Coronavirus disease 2019 (COVID-19) (U07.1, U07.2, U10.9) | Q39: 2936 | R39: 2.8188487 | S39: 18.723413 | T39: 13.55992
A40: 9 | B40: Coronavirus disease 2019 (COVID-19) (U07.1, U07.2, U10.9) | C40: 1628 | D40: 2.9763972 | E40: 20.963359 | F40: 17.303113 | H40: 9 | I40: Coronavirus disease 2019 (COVID-19) (U07.1, U07.2, U10.9) | J40: 1308 | K40: 2.6446147 | L40: 16.525645 | M40: 10.466658 | O40: 9 | P40: Accidental falls (W00–W19) | Q40: 2342 | R40: 2.2485503 | S40: 14.935365 | T40: 10.718917
A41: 10 | B41: Suicide (X60–X84, Y87.0) | C41: 1420 | D41: 2.5961204 | E41: 18.284994 | F41: 18.079558 | H41: 10 | I41: Heart failure and complications and ill-defined heart disease (I50–I51) | J41: 1202 | K41: 2.4302958 | L41: 15.186411 | M41: 9.3102177 | O41: 10 | P41: Prostate cancer (C61) | Q41: 2199 | R41: 2.1112562 | S41: 14.023428 | T41: 10.240079
B42: Leading 10 causes combined | C42: 25828 | D42: 47.2 | E42: .. | F42: .. | I42: Leading 10 causes combined | J42: 24489 | K42: 49.5 | L42: .. | M42: .. | P42: Leading 10 causes combined | Q42: 48174 | R42: 46.3 | S42: .. | T42: ..
B43: All causes | C43: 54697 | D43: 100 | E43: 704.31993 | F43: 590.87359 | I43: All causes | J43: 49459 | K43: 100 | L43: 624.87911 | M43: 421.2603 | P43: All causes | Q43: 104156 | R43: 100 | S43: 664.22199 | T43: 500.92998
A44: Quintile 4 | H44: Quintile 4 | O44: Quintile 4
A45: 1 | B45: Coronary heart disease (I20–I25) | C45: 5190 | D45: 11.107782 | E45: 66.132619 | F45: 61.311787 | H45: 1 | I45: Dementia including Alzheimer's disease (F01, F03, G30) | J45: 6034 | K45: 13.671379 | L45: 75.696732 | M45: 50.443028 | O45: 1 | P45: Dementia including Alzheimer's disease (F01, F03, G30) | Q45: 9369 | R45: 10.311468 | S45: 59.225689 | T45: 46.205177
A46: 2 | B46: Dementia including Alzheimer's disease (F01, F03, G30) | C46: 3335 | D46: 7.1376594 | E46: 42.495623 | F46: 39.82165 | H46: 2 | I46: Coronary heart disease (I20–I25) | J46: 3427 | K46: 7.7646366 | L46: 42.99183 | M46: 29.586752 | O46: 2 | P46: Coronary heart disease (I20–I25) | Q46: 8617 | R46: 9.4838213 | S46: 54.471957 | T46: 44.215135
A47: 3 | B47: Lung cancer (C33, C34) | C47: 2231 | D47: 4.774848 | E47: 28.428107 | F47: 26.092575 | H47: 3 | I47: Cerebrovascular disease (I60–I69) | J47: 2821 | K47: 6.3916078 | L47: 35.38954 | M47: 24.773023 | O47: 3 | P47: Cerebrovascular disease (I60–I69) | Q47: 4870 | R47: 5.3598943 | S47: 30.785474 | T47: 24.827082
A48: 4 | B48: Cerebrovascular disease (I60–I69) | C48: 2049 | D48: 4.3853266 | E48: 26.109005 | F48: 24.368661 | H48: 4 | I48: Lung cancer (C33, C34) | J48: 1762 | K48: 3.9922059 | L48: 22.104349 | M48: 17.518823 | O48: 4 | P48: Lung cancer (C33, C34) | Q48: 3993 | R48: 4.3946731 | S48: 25.24156 | T48: 21.385385
A49: 5 | B49: Prostate cancer (C61) | C49: 1838 | D49: 3.9337385 | E49: 23.420377 | F49: 21.717236 | H49: 5 | I49: Breast cancer (C50) | J49: 1678 | K49: 3.8018851 | L49: 21.050566 | M49: 17.066073 | O49: 5 | P49: Chronic obstructive pulmonary disease (COPD) (J40–J44) | Q49: 3095 | R49: 3.4063394 | S49: 19.564896 | T49: 16.118461
A50: 6 | B50: Chronic obstructive pulmonary disease (COPD) (J40–J44) | C50: 1597 | D50: 3.4179437 | E50: 20.349478 | F50: 18.8119 | H50: 6 | I50: Chronic obstructive pulmonary disease (COPD) (J40–J44) | J50: 1498 | K50: 3.3940547 | L50: 18.79246 | M50: 14.006106 | O50: 6 | P50: Colorectal cancer (C18–C20, C26.0) | Q50: 2684 | R50: 2.9539952 | S50: 16.966779 | T50: 14.33987
A51: 7 | B51: Coronavirus disease 2019 (COVID-19) (U07.1, U07.2, U10.9) | C51: 1454 | D51: 3.1118911 | E51: 18.527327 | F51: 17.296129 | H51: 7 | I51: Colorectal cancer (C18–C20, C26.0) | J51: 1311 | K51: 2.9703643 | L51: 16.446539 | M51: 12.683015 | O51: 7 | P51: Coronavirus disease 2019 (COVID-19) (U07.1, U07.2, U10.9) | Q51: 2602 | R51: 2.8637464 | S51: 16.44842 | T51: 13.205203
A52: 8 | B52: Colorectal cancer (C18–C20, C26.0) | C52: 1373 | D52: 2.9385327 | E52: 17.4952 | F52: 16.221684 | H52: 8 | I52: Diabetes (E10–E14) | J52: 1166 | K52: 2.6418343 | L52: 14.627509 | M52: 10.500655 | O52: 8 | P52: Diabetes (E10–E14) | Q52: 2531 | R52: 2.7856042 | S52: 15.999596 | T52: 13.099649
A53: 9 | B53: Diabetes (E10–E14) | C53: 1365 | D53: 2.9214108 | E53: 17.393261 | F53: 16.14789 | H53: 9 | I53: Coronavirus disease 2019 (COVID-19) (U07.1, U07.2, U10.9) | J53: 1148 | K53: 2.6010513 | L53: 14.401698 | M53: 9.9488357 | O53: 9 | P53: Accidental falls (W00–W19) | Q53: 2176 | R53: 2.3948932 | S53: 13.755481 | T53: 10.95944
A54: 10 | B54: Suicide (X60–X84, Y87.0) | C54: 1254 | D54: 2.6838456 | E54: 15.978864 | F54: 15.5684 | H54: 10 | I54: Accidental falls (W00–W19) | J54: 1110 | K54: 2.5149538 | L54: 13.924987 | M54: 9.5971109 | O54: 10 | P54: Pancreatic cancer (C25) | Q54: 1897 | R54: 2.0878274 | S54: 11.991796 | T54: 10.193528
B55: Leading 10 causes combined | C55: 21686 | D55: 46.4 | E55: .. | F55: .. | I55: Leading 10 causes combined | J55: 21955 | K55: 49.7 | L55: .. | M55: .. | P55: Leading 10 causes combined | Q55: 41834 | R55: 46 | S55: .. | T55: ..
B56: All causes | C56: 46724 | D56: 100 | E56: 595.37197 | F56: 555.62823 | I56: All causes | J56: 44136 | K56: 100 | L56: 553.6876 | M56: 404.72027 | P56: All causes | Q56: 90860 | R56: 100 | S56: 574.36718 | T56: 475.00789
A57: Quintile 5 (highest socioeconomic area) | H57: Quintile 5 (highest socioeconomic area) | O57: Quintile 5 (highest socioeconomic area)
A58: 1 | B58: Coronary heart disease (I20–I25) | C58: 4709 | D58: 10.659152 | E58: 61.361397 | F58: 51.163406 | H58: 1 | I58: Dementia including Alzheimer's disease (F01, F03, G30) | J58: 6127 | K58: 13.91488 | L58: 77.065024 | M58: 45.843675 | O58: 1 | P58: Dementia including Alzheimer's disease (F01, F03, G30) | Q58: 9530 | R58: 10.803764 | S58: 60.993425 | T58: 42.160329
A59: 2 | B59: Dementia including Alzheimer's disease (F01, F03, G30) | C59: 3403 | D59: 7.7029291 | E59: 44.34335 | F59: 36.596332 | H59: 2 | I59: Coronary heart disease (I20–I25) | J59: 3365 | K59: 7.6421693 | L59: 42.32476 | M59: 25.738236 | O59: 2 | P59: Coronary heart disease (I20–I25) | Q59: 8074 | R59: 9.1531572 | S59: 51.674807 | T59: 37.36327
A60: 3 | B60: Cerebrovascular disease (I60–I69) | C60: 2197 | D60: 4.9730635 | E60: 28.628369 | F60: 23.869764 | H60: 3 | I60: Cerebrovascular disease (I60–I69) | J60: 3123 | K60: 7.092569 | L60: 39.280899 | M60: 24.362044 | O60: 3 | P60: Cerebrovascular disease (I60–I69) | Q60: 5320 | R60: 6.0310622 | S60: 34.048795 | T60: 24.365135
A61: 4 | B61: Prostate cancer (C61) | C61: 1885 | D61: 4.2668296 | E61: 24.562802 | F61: 20.361857 | H61: 4 | I61: Breast cancer (C50) | J61: 1784 | K61: 4.0515988 | L61: 22.439041 | M61: 16.971137 | O61: 4 | P61: Lung cancer (C33, C34) | Q61: 3407 | R61: 3.8623739 | S61: 21.805309 | T61: 16.95181
A62: 5 | B62: Lung cancer (C33, C34) | C62: 1835 | D62: 4.1536511 | E62: 23.911268 | F62: 19.993816 | H62: 5 | I62: Lung cancer (C33, C34) | J62: 1572 | K62: 3.5701308 | L62: 19.772518 | M62: 14.484336 | O62: 5 | P62: Coronavirus disease 2019 (COVID-19) (U07.1, U07.2, U10.9) | Q62: 2691 | R62: 3.0506745 | S62: 17.222802 | T62: 12.324176
A63: 6 | B63: Coronavirus disease 2019 (COVID-19) (U07.1, U07.2, U10.9) | C63: 1460 | D63: 3.3048124 | E63: 19.024769 | F63: 15.830861 | H63: 6 | I63: Coronavirus disease 2019 (COVID-19) (U07.1, U07.2, U10.9) | J63: 1231 | K63: 2.795694 | L63: 15.483441 | M63: 9.560761 | O63: 6 | P63: Colorectal cancer (C18–C20, C26.0) | Q63: 2495 | R63: 2.8284775 | S63: 15.968373 | T63: 12.342194
A64: 7 | B64: Colorectal cancer (C18–C20, C26.0) | C64: 1266 | D64: 2.8656798 | E64: 16.496821 | F64: 13.995898 | H64: 7 | I64: Colorectal cancer (C18–C20, C26.0) | J64: 1229 | K64: 2.7911519 | L64: 15.458285 | M64: 10.899098 | O64: 7 | P64: Chronic obstructive pulmonary disease (COPD) (J40–J44) | Q64: 2391 | R64: 2.710577 | S64: 15.302757 | T64: 11.286187
A65: 8 | B65: Chronic obstructive pulmonary disease (COPD) (J40–J44) | C65: 1191 | D65: 2.695912 | E65: 15.519521 | F65: 12.878357 | H65: 8 | I65: Chronic obstructive pulmonary disease (COPD) (J40–J44) | J65: 1200 | K65: 2.7252907 | L65: 15.093525 | M65: 10.047562 | O65: 8 | P65: Accidental falls (W00–W19) | Q65: 2305 | R65: 2.6130824 | S65: 14.752345 | T65: 10.393484
A66: 9 | B66: Diabetes (E10–E14) | C66: 1167 | D66: 2.6415863 | E66: 15.206785 | F66: 12.719387 | H66: 9 | I66: Accidental falls (W00–W19) | J66: 1166 | K66: 2.6480741 | L66: 14.665875 | M66: 8.8929769 | O66: 9 | P66: Diabetes (E10–E14) | Q66: 2159 | R66: 2.4475683 | S66: 13.817923 | T66: 10.174386
A67: 10 | B67: Accidental falls (W00–W19) | C67: 1139 | D67: 2.5782063 | E67: 14.841926 | F67: 12.308126 | H67: 10 | I67: Heart failure and complications and ill-defined heart disease (I50–I51) | J67: 1127 | K67: 2.5595022 | L67: 14.175336 | M67: 8.2828471 | O67: 10 | P67: Heart failure and complications and ill-defined heart disease (I50–I51) | Q67: 2017 | R67: 2.2865888 | S67: 12.909102 | T67: 8.8968899
B68: Leading 10 causes combined | C68: 20252 | D68: 45.8 | E68: .. | F68: .. | I68: Leading 10 causes combined | J68: 21924 | K68: 49.8 | L68: .. | M68: .. | P68: Leading 10 causes combined | Q68: 40389 | R68: 45.8 | S68: .. | T68: ..
B69: All causes | C69: 44178 | D69: 100 | E69: 575.66868 | F69: 486.16925 | I69: All causes | J69: 44032 | K69: 100 | L69: 553.83175 | M69: 364.16708 | P69: All causes | Q69: 88210 | R69: 100 | S69: 564.55719 | T69: 420.58223
A70: ASR age-standardised rate
A71: .. not applicable
A72: Notes
A73: 1. Year refers to year of registration of death. Deaths registered in 2021 are based on the revised version of cause of death data; deaths registered in 2022 and 2023 are based on the preliminary version. Revised and preliminary versions are subject to further revision by the Australian Bureau of Statistics (ABS).
A74: 2. Rates are expressed as deaths per 100,000 population. Age-standardised rates are directly standardised to the Australian estimated resident population at 30 June 2001.
A75: 3. Leading causes of death are based on underlying causes of death and classified using an AIHW-modified version of Becker R, Sivli J, Ma Fat, L'Hours A, Laurenti R. 2006. A method for deriving leading causes of death. Bulletin of the World Health Organization 84: 297–304. International Statistical Classification of Diseases and Related Health Problems, 10th revision (ICD-10) codes are presented in parentheses.
A76: 4. Geography is based on area of usual residence—Statistical Local Area Level 2 (SA2)—classified into population-based quintiles by using the Socio-Economic Indexes for Areas (SEIFA) 2021 Index of Relative Socio-Economic Disadvantage (IRSD). Correspondence files are sourced from Socio-Economic Indexes for Areas (SEIFA), Australia, 2021 (ABS 2021). Unknown/missing includes deaths where place of usual residence was overseas, no fixed abode, offshore and migratory, and undefined.
A77: Source: AIHW National Mortality Database.

Sheet Table S7.7
A1: Table S7.7: Leading potentially avoidable cause of death (among people aged under 75), number, per cent and rates, by sex, by sex and Socioeconomic area, 2021–2023
A2: Back to contents
B3: Quintile 1 (lowest socioeconomic area) | H3: Quintile 2 | N3: Quintile 3 | T3: Quintile 4 | Z3: Quintile 5 (highest socioeconomic area)
A4: Sex and rank | B4: Cause of death | C4: Number | D4: Per cent | E4: Crude rate (deaths per 100,000) | F4: ASR (deaths per 100,000) | H4: Cause of death | I4: Number | J4: Per cent | K4: Crude rate (deaths per 100,000) | L4: ASR (deaths per 100,000) | N4: Cause of death | O4: Number | P4: Per cent | Q4: Crude rate (deaths per 100,000) | R4: ASR (deaths per 100,000) | T4: Cause of death | U4: Number | V4: Per cent | W4: Crude rate (deaths per 100,000) | X4: ASR (deaths per 100,000) | Z4: Cause of death | AA4: Number | AB4: Per cent | AC4: Crude rate (deaths per 100,000) | AD4: ASR (deaths per 100,000)
A5: Persons
A6: 1 | B6: Coronary (ischaemic) heart disease | C6: 4725 | D6: 10 | E6: 33 | F6: 26.1 | H6: Coronary (ischaemic) heart disease | I6: 3834 | J6: 9 | K6: 26.8 | L6: 20.4 | N6: Coronary (ischaemic) heart disease | O6: 2805 | P6: 9 | Q6: 19.4 | R6: 15.4 | T6: Coronary (ischaemic) heart disease | U6: 2297 | V6: 8 | W6: 15.6 | X6: 13.4 | Z6: Coronary (ischaemic) heart disease | AA6: 1750 | AB6: 8 | AC6: 12.1 | AD6: 9.8
A7: 2 | B7: COPD | C7: 2520 | D7: 5 | E7: 17.6 | F7: 12.7 | H7: Suicide and self-inflicted injuries | I7: 2022 | J7: 5 | K7: 14.1 | L7: 14 | N7: Suicide and self-inflicted injuries | O7: 1716 | P7: 5 | Q7: 11.8 | R7: 11.7 | T7: Suicide and self-inflicted injuries | U7: 1543 | V7: 6 | W7: 10.5 | X7: 10.1 | Z7: Suicide and self-inflicted injuries | AA7: 1261 | AB7: 5 | AC7: 8.7 | AD7: 8.4
A8: 3 | B8: Suicide and self-inflicted injuries | C8: 2205 | D8: 5 | E8: 15.4 | F8: 15.6 | H8: COPD | I8: 1953 | J8: 5 | K8: 13.6 | L8: 9.5 | N8: Cancer of the colon, sigmoid, rectum and anus | O8: 1403 | P8: 4 | Q8: 9.7 | R8: 7.9 | T8: Cancer of the colon, sigmoid, rectum and anus | U8: 1170 | V8: 4 | W8: 7.9 | X8: 7 | Z8: Cancer of the colon, sigmoid, rectum and anus | AA8: 1008 | AB8: 4 | AC8: 7 | AD8: 5.8
A9: 4 | B9: Diabetes | C9: 1872 | D9: 4 | E9: 13.1 | F9: 10.3 | H9: Cancer of the colon, sigmoid, rectum and anus | I9: 1602 | J9: 4 | K9: 11.2 | L9: 8.5 | N9: COPD | O9: 1223 | P9: 4 | Q9: 8.4 | R9: 6.3 | T9: Breast cancer | U9: 905 | V9: 3 | W9: 6.1 | X9: 5.4 | Z9: Breast cancer | AA9: 934 | AB9: 4 | AC9: 6.5 | AD9: 5.4
A10: 5 | B10: Cancer of the colon, sigmoid, rectum and anus | C10: 1698 | D10: 3 | E10: 11.8 | F10: 9.4 | H10: Diabetes | I10: 1366 | J10: 3 | K10: 9.5 | L10: 7 | N10: Breast cancer | O10: 1000 | P10: 3 | Q10: 6.9 | R10: 5.8 | T10: Cerebrovascular diseases | U10: 894 | V10: 3 | W10: 6.1 | X10: 5.2 | Z10: Cerebrovascular diseases | AA10: 754 | AB10: 3 | AC10: 5.2 | AD10: 4.2
A11: 6 | B11: Cerebrovascular diseases | C11: 1611 | D11: 3 | E11: 11.2 | F11: 8.8 | H11: Cerebrovascular diseases | I11: 1303 | J11: 3 | K11: 9.1 | L11: 6.8 | N11: Cerebrovascular diseases | O11: 990 | P11: 3 | Q11: 6.8 | R11: 5.4 | T11: COPD | U11: 830 | V11: 3 | W11: 5.6 | X11: 4.7 | Z11: Accidental poisoning | AA11: 566 | AB11: 2 | AC11: 3.9 | AD11: 3.8
A12: 7 | B12: Breast cancer | C12: 1059 | D12: 2 | E12: 7.4 | F12: 6 | H12: Breast cancer | I12: 1125 | J12: 3 | K12: 7.9 | L12: 6.2 | N12: Diabetes | O12: 952 | P12: 3 | Q12: 6.6 | R12: 5.1 | T12: Diabetes | U12: 659 | V12: 2 | W12: 4.5 | X12: 3.8 | Z12: COPD | AA12: 517 | AB12: 2 | AC12: 3.6 | AD12: 2.8
A13: 8 | B13: Accidental poisoning | C13: 1051 | D13: 2 | E13: 7.3 | F13: 7.7 | H13: Transport accidents | I13: 965 | J13: 2 | K13: 6.7 | L13: 6.6 | N13: Accidental poisoning | O13: 732 | P13: 2 | Q13: 5 | R13: 5.1 | T13: Accidental poisoning | U13: 638 | V13: 2 | W13: 4.3 | X13: 4.3 | Z13: Diabetes | AA13: 464 | AB13: 2 | AC13: 3.2 | AD13: 2.6
A14: 9 | B14: Transport accidents | C14: 1050 | D14: 2 | E14: 7.3 | F14: 7.3 | H14: Accidental poisoning | I14: 885 | J14: 2 | K14: 6.2 | L14: 6.3 | N14: Transport accidents | O14: 720 | P14: 2 | Q14: 5 | R14: 4.9 | T14: Transport accidents | U14: 505 | V14: 2 | W14: 3.4 | X14: 3.3 | Z14: Prostate cancer | AA14: 374 | AB14: 2 | AC14: 2.6 | AD14: 2
A15: 10 | B15: Selected invasive infections | C15: 654 | D15: 1 | E15: 4.6 | F15: 3.6 | H15: Prostate cancer | I15: 622 | J15: 1 | K15: 4.3 | L15: 2.9 | N15: Skin cancer | O15: 505 | P15: 2 | Q15: 3.5 | R15: 2.7 | T15: Skin cancer | U15: 426 | V15: 2 | W15: 2.9 | X15: 2.5 | Z15: Transport accidents | AA15: 352 | AB15: 2 | AC15: 2.4 | AD15: 2.3
B16: Total potentially avoidable | C16: 24104 | D16: 49 | E16: 168.1 | F16: 140.4 | H16: Total potentially avoidable | I16: 20373 | J16: 48 | K16: 142.2 | L16: 115.1 | N16: Total potentially avoidable | O16: 15697 | P16: 48 | Q16: 108.3 | R16: 91.3 | T16: Total potentially avoidable | U16: 12959 | V16: 47 | W16: 87.8 | X16: 78.7 | Z16: Total potentially avoidable | AA16: 10434 | AB16: 45 | AC16: 72.1 | AD16: 62
B17: All other deaths less than age 75 | C17: 24687 | D17: 51 | E17: 172.2 | F17: 136.1 | H17: All other deaths less than age 75 | I17: 21856 | J17: 52 | K17: 152.6 | L17: 115.9 | N17: All other deaths less than age 75 | O17: 17220 | P17: 52 | Q17: 118.8 | R17: 94.8 | T17: All other deaths less than age 75 | U17: 14640 | V17: 53 | W17: 99.2 | X17: 86.1 | Z17: All other deaths less than age 75 | AA17: 12515 | AB17: 55 | AC17: 86.5 | AD17: 70.8
B18: Total deaths less than age 75 | C18: 48791 | D18: 100 | E18: 340.3 | F18: 276.5 | H18: Total deaths less than age 75 | I18: 42229 | J18: 100 | K18: 294.8 | L18: 231 | N18: Total deaths less than age 75 | O18: 32917 | P18: 100 | Q18: 227.1 | R18: 186.2 | T18: Total deaths less than age 75 | U18: 27599 | V18: 100 | W18: 186.9 | X18: 164.7 | Z18: Total deaths less than age 75 | AA18: 22949 | AB18: 100 | AC18: 158.6 | AD18: 132.8
A19: Males
A20: 1 | B20: Coronary (ischaemic) heart disease | C20: 3531 | D20: 12 | E20: 48.8 | F20: 39.8 | H20: Coronary (ischaemic) heart disease | I20: 2940 | J20: 11 | K20: 40.9 | L20: 32 | N20: Coronary (ischaemic) heart disease | O20: 2188 | P20: 11 | Q20: 30.3 | R20: 24.9 | T20: Coronary (ischaemic) heart disease | U20: 1845 | V20: 11 | W20: 25 | X20: 22.3 | Z20: Coronary (ischaemic) heart disease | AA20: 1431 | AB20: 10 | AC20: 20 | AD20: 16.7
A21: 2 | B21: Suicide and self-inflicted injuries | C21: 1687 | D21: 6 | E21: 23.3 | F21: 23.6 | H21: Suicide and self-inflicted injuries | I21: 1562 | J21: 6 | K21: 21.7 | L21: 21.5 | N21: Suicide and self-inflicted injuries | O21: 1297 | P21: 6 | Q21: 17.9 | R21: 17.8 | T21: Suicide and self-inflicted injuries | U21: 1147 | V21: 7 | W21: 15.5 | X21: 15.1 | Z21: Suicide and self-inflicted injuries | AA21: 875 | AB21: 6 | AC21: 12.2 | AD21: 11.9
A22: 3 | B22: COPD | C22: 1372 | D22: 5 | E22: 18.9 | F22: 14.2 | H22: COPD | I22: 1041 | J22: 4 | K22: 14.5 | L22: 10.3 | N22: Cancer of the colon, sigmoid, rectum and anus | O22: 808 | P22: 4 | Q22: 11.2 | R22: 9.3 | T22: Cancer of the colon, sigmoid, rectum and anus | U22: 652 | V22: 4 | W22: 8.8 | X22: 7.9 | Z22: Cancer of the colon, sigmoid, rectum and anus | AA22: 572 | AB22: 4 | AC22: 8 | AD22: 6.8
A23: 4 | B23: Diabetes | C23: 1169 | D23: 4 | E23: 16.1 | F23: 13 | H23: Cancer of the colon, sigmoid, rectum and anus | I23: 973 | J23: 4 | K23: 13.5 | L23: 10.4 | N23: COPD | O23: 668 | P23: 3 | Q23: 9.2 | R23: 7.1 | T23: Cerebrovascular diseases | U23: 507 | V23: 3 | W23: 6.9 | X23: 6.1 | Z23: Cerebrovascular diseases | AA23: 417 | AB23: 3 | AC23: 5.8 | AD23: 4.9
A24: 5 | B24: Cancer of the colon, sigmoid, rectum and anus | C24: 992 | D24: 3 | E24: 13.7 | F24: 11.1 | H24: Diabetes | I24: 891 | J24: 3 | K24: 12.4 | L24: 9.4 | N24: Diabetes | O24: 616 | P24: 3 | Q24: 8.5 | R24: 6.9 | T24: COPD | U24: 465 | V24: 3 | W24: 6.3 | X24: 5.4 | Z24: Accidental poisoning | AA24: 404 | AB24: 3 | AC24: 5.6 | AD24: 5.6
A25: 6 | B25: Cerebrovascular diseases | C25: 884 | D25: 3 | E25: 12.2 | F25: 9.8 | H25: Transport accidents | I25: 762 | J25: 3 | K25: 10.6 | L25: 10.4 | N25: Transport accidents | O25: 559 | P25: 3 | Q25: 7.7 | R25: 7.6 | T25: Accidental poisoning | U25: 441 | V25: 3 | W25: 6 | X25: 5.9 | Z25: Prostate cancer | AA25: 374 | AB25: 3 | AC25: 5.2 | AD25: 4.2
A26: 7 | B26: Transport accidents | C26: 817 | D26: 3 | E26: 11.3 | F26: 11.1 | H26: Cerebrovascular diseases | I26: 761 | J26: 3 | K26: 10.6 | L26: 8.2 | N26: Cerebrovascular diseases | O26: 514 | P26: 3 | Q26: 7.1 | R26: 5.8 | T26: Prostate cancer | U26: 426 | V26: 3 | W26: 5.8 | X26: 5 | Z26: Diabetes | AA26: 306 | AB26: 2 | AC26: 4.3 | AD26: 3.5
A27: 8 | B27: Accidental poisoning | C27: 740 | D27: 2 | E27: 10.2 | F27: 10.8 | H27: Prostate cancer | I27: 622 | J27: 2 | K27: 8.6 | L27: 6 | N27: Accidental poisoning | O27: 512 | P27: 3 | Q27: 7.1 | R27: 7.2 | T27: Diabetes | U27: 424 | V27: 3 | W27: 5.7 | X27: 5.1 | Z27: COPD | AA27: 288 | AB27: 2 | AC27: 4 | AD27: 3.2
A28: 9 | B28: Prostate cancer | C28: 603 | D28: 2 | E28: 8.3 | F28: 6 | H28: Accidental poisoning | I28: 608 | J28: 2 | K28: 8.4 | L28: 8.8 | N28: Prostate cancer | O28: 488 | P28: 2 | Q28: 6.7 | R28: 5.1 | T28: Transport accidents | U28: 399 | V28: 2 | W28: 5.4 | X28: 5.3 | Z28: Transport accidents | AA28: 279 | AB28: 2 | AC28: 3.9 | AD28: 3.8
A29: 10 | B29: Skin cancer | C29: 424 | D29: 1 | E29: 5.9 | F29: 4.6 | H29: Skin cancer | I29: 431 | J29: 2 | K29: 6 | L29: 4.5 | N29: Skin cancer | O29: 349 | P29: 2 | Q29: 4.8 | R29: 3.9 | T29: Skin cancer | U29: 304 | V29: 2 | W29: 4.1 | X29: 3.7 | Z29: Skin cancer | AA29: 234 | AB29: 2 | AC29: 3.3 | AD29: 2.7
B30: Total potentially avoidable | C30: 15229 | D30: 51 | E30: 210.3 | F30: 180 | H30: Total potentially avoidable | I30: 13052 | J30: 50 | K30: 181.4 | L30: 150 | N30: Total potentially avoidable | O30: 9908 | P30: 49 | Q30: 137 | R30: 118.5 | T30: Total potentially avoidable | U30: 8222 | V30: 49 | W30: 111.5 | X30: 102.3 | Z30: Total potentially avoidable | AA30: 6528 | AB30: 48 | AC30: 91.2 | AD30: 80.2
B31: All other deaths less than age 75 | C31: 14926 | D31: 49 | E31: 206.1 | F31: 166.8 | H31: All other deaths less than age 75 | I31: 13098 | J31: 50 | K31: 182 | L31: 141.5 | N31: All other deaths less than age 75 | O31: 10254 | P31: 51 | Q31: 141.8 | R31: 116.6 | T31: All other deaths less than age 75 | U31: 8618 | V31: 51 | W31: 116.8 | X31: 104.6 | Z31: All other deaths less than age 75 | AA31: 7212 | AB31: 52 | AC31: 100.8 | AD31: 84.9
B32: Total deaths less than age 75 | C32: 30155 | D32: 100 | E32: 416.4 | F32: 346.8 | H32: Total deaths less than age 75 | I32: 26150 | J32: 100 | K32: 363.4 | L32: 291.5 | N32: Total deaths less than age 75 | O32: 20162 | P32: 100 | Q32: 278.9 | R32: 235.1 | T32: Total deaths less than age 75 | U32: 16840 | V32: 100 | W32: 228.3 | X32: 207 | Z32: Total deaths less than age 75 | AA32: 13740 | AB32: 100 | AC32: 192 | AD32: 165.1
A33: Females
A34: 1 | B34: Coronary (ischaemic) heart disease | C34: 1194 | D34: 6 | E34: 16.8 | F34: 12.8 | H34: Breast cancer | I34: 1125 | J34: 7 | K34: 15.8 | L34: 12.2 | N34: Breast cancer | O34: 1000 | P34: 8 | Q34: 13.8 | R34: 11.2 | T34: Breast cancer | U34: 905 | V34: 8 | W34: 12.3 | X34: 10.5 | Z34: Breast cancer | AA34: 934 | AB34: 10 | AC34: 12.8 | AD34: 10.5
A35: 2 | B35: COPD | C35: 1148 | D35: 6 | E35: 16.2 | F35: 11.4 | H35: COPD | I35: 912 | J35: 6 | K35: 12.8 | L35: 8.6 | N35: Coronary (ischaemic) heart disease | O35: 617 | P35: 5 | Q35: 8.5 | R35: 6.4 | T35: Cancer of the colon, sigmoid, rectum and anus | U35: 518 | V35: 5 | W35: 7 | X35: 6.1 | Z35: Cancer of the colon, sigmoid, rectum and anus | AA35: 436 | AB35: 5 | AC35: 6 | AD35: 4.9
A36: 3 | B36: Breast cancer | C36: 1059 | D36: 6 | E36: 14.9 | F36: 11.7 | H36: Coronary (ischaemic) heart disease | I36: 894 | J36: 6 | K36: 12.5 | L36: 9.3 | N36: Cancer of the colon, sigmoid, rectum and anus | O36: 595 | P36: 5 | Q36: 8.2 | R36: 6.5 | T36: Coronary (ischaemic) heart disease | U36: 452 | V36: 4 | W36: 6.1 | X36: 5.1 | Z36: Suicide and self-inflicted injuries | AA36: 386 | AB36: 4 | AC36: 5.3 | AD36: 5.1
A37: 4 | B37: Cerebrovascular diseases | C37: 727 | D37: 4 | E37: 10.2 | F37: 7.9 | H37: Cancer of the colon, sigmoid, rectum and anus | I37: 629 | J37: 4 | K37: 8.8 | L37: 6.7 | N37: COPD | O37: 555 | P37: 4 | Q37: 7.6 | R37: 5.5 | T37: Suicide and self-inflicted injuries | U37: 396 | V37: 4 | W37: 5.4 | X37: 5.2 | Z37: Cerebrovascular diseases | AA37: 337 | AB37: 4 | AC37: 4.6 | AD37: 3.6
A38: 5 | B38: Cancer of the colon, sigmoid, rectum and anus | C38: 706 | D38: 4 | E38: 10 | F38: 7.9 | H38: Cerebrovascular diseases | I38: 542 | J38: 3 | K38: 7.6 | L38: 5.5 | N38: Cerebrovascular diseases | O38: 476 | P38: 4 | Q38: 6.6 | R38: 5.1 | T38: Cerebrovascular diseases | U38: 387 | V38: 4 | W38: 5.2 | X38: 4.4 | Z38: Coronary (ischaemic) heart disease | AA38: 319 | AB38: 3 | AC38: 4.4 | AD38: 3.4
A39: 6 | B39: Diabetes | C39: 703 | D39: 4 | E39: 9.9 | F39: 7.7 | H39: Diabetes | I39: 475 | J39: 3 | K39: 6.7 | L39: 4.8 | N39: Suicide and self-inflicted injuries | O39: 419 | P39: 3 | Q39: 5.8 | R39: 5.7 | T39: COPD | U39: 365 | V39: 3 | W39: 4.9 | X39: 4 | Z39: COPD | AA39: 229 | AB39: 2 | AC39: 3.1 | AD39: 2.3
A40: 7 | B40: Suicide and self-inflicted injuries | C40: 518 | D40: 3 | E40: 7.3 | F40: 7.4 | H40: Suicide and self-inflicted injuries | I40: 460 | J40: 3 | K40: 6.5 | L40: 6.5 | N40: Diabetes | O40: 336 | P40: 3 | Q40: 4.6 | R40: 3.5 | T40: Diabetes | U40: 235 | V40: 2 | W40: 3.2 | X40: 2.7 | Z40: Accidental poisoning | AA40: 162 | AB40: 2 | AC40: 2.2 | AD40: 2.1
A41: 8 | B41: Accidental poisoning | C41: 311 | D41: 2 | E41: 4.4 | F41: 4.5 | H41: Accidental poisoning | I41: 277 | J41: 2 | K41: 3.9 | L41: 3.9 | N41: Accidental poisoning | O41: 220 | P41: 2 | Q41: 3 | R41: 3 | T41: Accidental poisoning | U41: 197 | V41: 2 | W41: 2.7 | X41: 2.6 | Z41: Diabetes | AA41: 158 | AB41: 2 | AC41: 2.2 | AD41: 1.7
A42: 9 | B42: Selected invasive infections | C42: 288 | D42: 2 | E42: 4.1 | F42: 3.2 | H42: Selected invasive infections | I42: 223 | J42: 1 | K42: 3.1 | L42: 2.4 | N42: Transport accidents | O42: 161 | P42: 1 | Q42: 2.2 | R42: 2.2 | T42: Complications of the perinatal period | U42: 126 | V42: 1 | W42: 1.7 | X42: 1.9 | Z42: Skin cancer | AA42: 94 | AB42: 1 | AC42: 1.3 | AD42: 1.1
A43: 10 | B43: Transport accidents | C43: 233 | D43: 1 | E43: 3.3 | F43: 3.3 | H43: Transport accidents | I43: 203 | J43: 1 | K43: 2.8 | L43: 2.8 | N43: Skin cancer | O43: 156 | P43: 1 | Q43: 2.1 | R43: 1.7 | T43: Skin cancer | U43: 122 | V43: 1 | W43: 1.7 | X43: 1.4 | Z43: Falls | AA43: 94 | AB43: 1 | AC43: 1.3 | AD43: 1
B44: Total potentially avoidable | C44: 8875 | D44: 48 | E44: 125.1 | F44: 101.3 | H44: Total potentially avoidable | I44: 7321 | J44: 46 | K44: 102.7 | L44: 81 | N44: Total potentially avoidable | O44: 5789 | P44: 45 | Q44: 79.7 | R44: 65.4 | T44: Total potentially avoidable | U44: 4737 | V44: 44 | W44: 64.1 | X44: 56.2 | Z44: Total potentially avoidable | AA44: 3906 | AB44: 42 | AC44: 53.4 | AD44: 44.9
B45: All other deaths less than age 75 | C45: 9761 | D45: 52 | E45: 137.6 | F45: 106.4 | H45: All other deaths less than age 75 | I45: 8758 | J45: 54 | K45: 122.9 | L45: 91.3 | N45: All other deaths less than age 75 | O45: 6966 | P45: 55 | Q45: 95.9 | R45: 74.3 | T45: All other deaths less than age 75 | U45: 6022 | V45: 56 | W45: 81.5 | X45: 68.7 | Z45: All other deaths less than age 75 | AA45: 5303 | AB45: 58 | AC45: 72.5 | AD45: 57.8
B46: Total deaths less than age 75 | C46: 18636 | D46: 100 | E46: 262.7 | F46: 207.7 | H46: Total deaths less than age 75 | I46: 16079 | J46: 100 | K46: 225.6 | L46: 172.3 | N46: Total deaths less than age 75 | O46: 12755 | P46: 100 | Q46: 175.6 | R46: 139.7 | T46: Total deaths less than age 75 | U46: 10759 | V46: 100 | W46: 145.6 | X46: 124.9 | Z46: Total deaths less than age 75 | AA46: 9209 | AB46: 100 | AC46: 126 | AD46: 102.7
A47: ASR age-standardised death rate
A48: Notes
A49: 1. Deaths are counted according to year of registration of death, and state or territory of usual residence.
A50: 2. Deaths registered in 2021 are based on the revised version of cause of death data; deaths registered in 2022 and 2023 are based on the preliminary version. Revised and preliminary versions are subject to further revision by the Australian Bureau of Statistics.
A51: 3. Rates are expressed as deaths per 100,000 population. Age-standardised rates are directly standardised to the Australian estimated resident population at 30 June 2001.
A52: 4. Potentially avoidable deaths are deaths from conditions that are potentially preventable through individualised care and/or treatable through existing primary or hospital care. They are classified using nationally agreed definitions based on cause of death for people aged less than 75 (AIHW 2021. National Healthcare Agreement: PI 16—Potentially avoidable deaths, 2022. Viewed 07 January 2025, <https://meteor.aihw.gov.au/content/index.phtml/itemId/740864>).
A53: 5. Geography is based on area of usual residence—Statistical Local Area Level 2 (SA2)—classified according to Remoteness Area 2021. Correspondence files are sourced from Australian Statistical Geography Standard (ASGS) Edition 3: Remoteness Structure (ABS 2021). Unknown/missing includes deaths where place of usual residence was overseas, no fixed abode, offshore and migratory, and undefined.
A54: Source: AIHW National Mortality Database.

Sheet Table S8.1
A1: Table S8.1: Number of deaths and number of causes recorded per death (%), 2015, 2019 and 2023
A2: Back to contents
B3: Number of deaths | F3: Per cent of deaths
B4: 2015 | C4: 2019 | D4: 2023 | F4: 2015 | G4: 2019 | H4: 2023
A5: One cause | B5: 33059 | C5: 31320 | D5: 37932 | F5: 19.677198 | G5: 19.848103 | H5: 20.713041
A6: Two causes | B6: 36860 | C6: 36556 | D6: 39287 | F6: 22.966784 | G6: 22.130163 | H6: 21.452949
A7: Three causes | B7: 34022 | C7: 33932 | D7: 35352 | F7: 21.318222 | G7: 20.426273 | H7: 19.304214
A8: Four causes | B8: 25141 | C8: 24751 | D8: 26736 | F8: 15.550139 | G8: 15.09426 | H8: 14.599385
A9: Five or more causes | B9: 37478 | C9: 32610 | D9: 43824 | F9: 20.487658 | G9: 22.501201 | H9: 23.93041
A10: Total deaths | B10: 159169 | C10: 166560 | D10: 183131 | F10: 100 | G10: 100 | H10: 100
A11: Notes
A12: 1. Year refers to year of registration of death. Deaths registered in 2023 are based on the preliminary version and are subject to further revision by the Australian Bureau of Statistics (ABS). Deaths registered in 2015 and 2019 are based on final versions.
A13: 2. Data is presented by year of registration of death. Prior to the 2022 data release, data was presented by the reference year in which the death was received and processed by the Australian Bureau of Statistics. As a result, data in this table may not equal previously published data for these years. For more detail, refer to Data collection: Presentation of mortality data in Causes of death, Australia, methodology, 2022 (https://www.abs.gov.au/methodologies/causes-death-australia-methodology/2022#data-collection)
A14: Source: AIHW National Mortality Database.

Sheet Table S8.2
A1: Table S8.2: Number of deaths, number of causes, and average number of causes per death, by sex and age group, for years 2015, 2019 and 2023
A2: Back to contents
B3: 2015 | G3: 2019 | L3: 2023
A4: Sex and age group (years) | B4: Number of deaths | C4: Number of causes | D4: Average number of causes per death | F4: Sex and age group (years) | G4: Number of deaths | H4: Number of causes | I4: Average number of causes per death | K4: Sex and age group (years) | L4: Number of deaths | M4: Number of causes | N4: Average number of causes per death
A5: Males | F5: Males | K5: Males
A6: 0–14 | B6: 817 | C6: 1358 | D6: 1.6621787 | F6: 0–14 | G6: 814 | H6: 1344 | I6: 1.6511057 | K6: 0–14 | L6: 783 | M6: 1385 | N6: 1.7688378
A7: 15-24 | B7: 814 | C7: 2492 | D7: 3.0614251 | F7: 15-24 | G7: 905 | H7: 3615 | I7: 3.9944751 | K7: 15-24 | L7: 803 | M7: 2982 | N7: 3.7135741
A8: 25-44 | B8: 3657 | C8: 11383 | D8: 3.1126607 | F8: 25-44 | G8: 3610 | H8: 14495 | I8: 4.0152355 | K8: 25-44 | L8: 3566 | M8: 14152 | N8: 3.9685923
A9: 45–54 | B9: 4511 | C9: 12697 | D9: 2.8146752 | F9: 45–54 | G9: 4412 | H9: 14839 | I9: 3.3633273 | K9: 45–54 | L9: 4473 | M9: 15207 | N9: 3.3997317
A10: 55–64 | B10: 8646 | C10: 23677 | D10: 2.7384918 | F10: 55–64 | G10: 9104 | H10: 27195 | I10: 2.9871485 | K10: 55–64 | L10: 9066 | M10: 28543 | N10: 3.1483565
A11: 65–74 | B11: 15007 | C11: 44275 | D11: 2.9502899 | F11: 65–74 | G11: 16083 | H11: 49417 | I11: 3.0726233 | K11: 65–74 | L11: 17264 | M11: 54323 | N11: 3.1466057
A12: 75–84 | B12: 22547 | C12: 74115 | D12: 3.2871335 | F12: 75–84 | G12: 23858 | H12: 78651 | I12: 3.2966301 | K12: 75–84 | L12: 28489 | M12: 96487 | N12: 3.386816
A13: 85–94 | B13: 22579 | C13: 78164 | D13: 3.4618008 | F13: 85–94 | G13: 24061 | H13: 83253 | I13: 3.4600806 | K13: 85–94 | L13: 26751 | M13: 94981 | N13: 3.5505589
A14: 95+ | B14: 2818 | C14: 9510 | D14: 3.3747339 | F14: 95+ | G14: 3838 | H14: 13076 | I14: 3.4069828 | K14: 95+ | L14: 4984 | M14: 17569 | N14: 3.5250803
A15: Missing | B15: 1 | C15: 2 | D15: 2 | F15: Missing | G15: 1 | H15: 1 | I15: 1 | K15: Missing | L15: 1 | M15: 1 | N15: 1
A16: All ages | B16: 81397 | C16: 257673 | D16: 3.1656326 | F16: All ages | G16: 86686 | H16: 285886 | I16: 3.2979489 | K16: All ages | L16: 96180 | M16: 325630 | N16: 3.3856311
A17: Females | F17: Females | K17: Females
A18: 0–14 | B18: 665 | C18: 1112 | D18: 1.6721805 | F18: 0–14 | G18: 620 | H18: 1104 | I18: 1.7806452 | K18: 0–14 | L18: 600 | M18: 1112 | N18: 1.8533333
A19: 15-24 | B19: 336 | C19: 1023 | D19: 3.0446429 | F19: 15-24 | G19: 359 | H19: 1390 | I19: 3.8718663 | K19: 15-24 | L19: 308 | M19: 1147 | N19: 3.724026
A20: 25-44 | B20: 1863 | C20: 5496 | D20: 2.9500805 | F20: 25-44 | G20: 1822 | H20: 6405 | I20: 3.5153677 | K20: 25-44 | L20: 1943 | M20: 6818 | N20: 3.5090067
A21: 45–54 | B21: 2814 | C21: 7443 | D21: 2.6449893 | F21: 45–54 | G21: 2633 | H21: 7890 | I21: 2.9965818 | K21: 45–54 | L21: 2707 | M21: 8242 | N21: 3.0446989
A22: 55–64 | B22: 5265 | C22: 14176 | D22: 2.6924976 | F22: 55–64 | G22: 5586 | H22: 15866 | I22: 2.8403151 | K22: 55–64 | L22: 5689 | M22: 16536 | N22: 2.906662
A23: 65–74 | B23: 9527 | C23: 26991 | D23: 2.8331059 | F23: 65–74 | G23: 10513 | H23: 30527 | I23: 2.9037382 | K23: 65–74 | L23: 11266 | M23: 33706 | N23: 2.9918338
A24: 75–84 | B24: 18447 | C24: 58605 | D24: 3.1769393 | F24: 75–84 | G24: 18758 | H24: 59611 | I24: 3.1778974 | K24: 75–84 | L24: 22119 | M24: 71214 | N24: 3.219585
A25: 85–94 | B25: 31056 | C25: 103383 | D25: 3.3289219 | F25: 85–94 | G25: 30252 | H25: 101014 | I25: 3.339085 | K25: 85–94 | L25: 31406 | M25: 105777 | N25: 3.3680507
A26: 95+ | B26: 7798 | C26: 24953 | D26: 3.1999231 | F26: 95+ | G26: 9331 | H26: 30037 | I26: 3.2190548 | K26: 95+ | L26: 10913 | M26: 35696 | N26: 3.2709612
A27: Missing | B27: 1 | C27: 1 | D27: 1 | F27: Missing | G27: 0 | H27: .. | I27: .. | K27: Missing | L27: 0 | M27: .. | N27: ..
A28: All ages | B28: 77772 | C28: 243183 | D28: 3.1268709 | F28: All ages | G28: 79874 | H28: 253844 | I28: 3.1780554 | K28: All ages | L28: 86951 | M28: 280248 | N28: 3.2230567
A29: Persons | F29: Persons | K29: Persons
A30: 0–14 | B30: 1482 | C30: 2470 | D30: 1.6666667 | F30: 0–14 | G30: 1434 | H30: 2448 | I30: 1.707113 | K30: 0–14 | L30: 1383 | M30: 2497 | N30: 1.8054953
A31: 15-24 | B31: 1150 | C31: 3515 | D31: 3.0565217 | F31: 15-24 | G31: 1264 | H31: 5005 | I31: 3.9596519 | K31: 15-24 | L31: 1111 | M31: 4129 | N31: 3.7164716
A32: 25-44 | B32: 5520 | C32: 16879 | D32: 3.0577899 | F32: 25-44 | G32: 5432 | H32: 20900 | I32: 3.84757 | K32: 25-44 | L32: 5509 | M32: 20970 | N32: 3.8064985
A33: 45–54 | B33: 7325 | C33: 20140 | D33: 2.7494881 | F33: 45–54 | G33: 7045 | H33: 22729 | I33: 3.2262598 | K33: 45–54 | L33: 7180 | M33: 23449 | N33: 3.2658774
A34: 55–64 | B34: 13911 | C34: 37853 | D34: 2.721084 | F34: 55–64 | G34: 14690 | H34: 43061 | I34: 2.9313138 | K34: 55–64 | L34: 14755 | M34: 45079 | N34: 3.0551677
A35: 65–74 | B35: 24534 | C35: 71266 | D35: 2.9047852 | F35: 65–74 | G35: 26596 | H35: 79944 | I35: 3.0058655 | K35: 65–74 | L35: 28530 | M35: 88029 | N35: 3.085489
A36: 75–84 | B36: 40994 | C36: 132720 | D36: 3.237547 | F36: 75–84 | G36: 42616 | H36: 138262 | I36: 3.2443683 | K36: 75–84 | L36: 50608 | M36: 167701 | N36: 3.3137251
A37: 85–94 | B37: 53635 | C37: 181547 | D37: 3.3848606 | F37: 85–94 | G37: 54313 | H37: 184267 | I37: 3.3926868 | K37: 85–94 | L37: 58157 | M37: 200758 | N37: 3.4520006
A38: 95+ | B38: 10616 | C38: 34463 | D38: 3.2463263 | F38: 95+ | G38: 13169 | H38: 43113 | I38: 3.2738249 | K38: 95+ | L38: 15897 | M38: 53265 | N38: 3.3506322
A39: Missing | B39: 2 | C39: 3 | D39: 1.5 | F39: Missing | G39: 1 | H39: 1 | I39: 1 | K39: Missing | L39: 1 | M39: 1 | N39: 1
A40: All ages | B40: 159169 | C40: 500856 | D40: 3.1466931 | F40: All ages | G40: 166560 | H40: 539730 | I40: 3.2404539 | K40: All ages | L40: 183131 | M40: 605878 | N40: 3.3084404
A41: .. not applicable
A42: Notes
A43: 1. Year refers to year of registration of death. Deaths registered in 2023 are based on the preliminary version and are subject to further revision by the Australian Bureau of Statistics (ABS). Deaths registered in 2015 and 2019 are based on final versions.
A44: 2. Data is presented by year of registration of death. Prior to the 2022 data release, data was presented by the reference year in which the death was received and processed by the Australian Bureau of Statistics. As a result, data in this table may not equal previously published data for these years. For more detail, refer to Data collection: Presentation of mortality data in Causes of death, Australia, methodology, 2022 (https://www.abs.gov.au/methodologies/causes-death-australia-methodology/2022#data-collection)
A45: Source: AIHW National Mortality Database.

Sheet Table S8.3
A1: Table S8.3: Average number of causes per death, by cause group of the underlying cause, 2023
A2: Back to contents
A3: Cause group | B3: Number of deaths | C3: Average number of causes
A4: Infectious | B4: 12523 | C4: 3.6131917
A5: Infant & congenital | B5: 1321 | C5: 2.3595761
A6: Cancer | B6: 52347 | C6: 2.5081285
A7: Cardiovascular | B7: 40541 | C7: 3.5522064
A8: Respiratory | B8: 11989 | C8: 3.4469931
A9: Gastrointestinal | B9: 7672 | C9: 3.7155892
A10: Neurological | B10: 22658 | C10: 3.0287316
A11: Mental & behavioural | B11: 786 | C11: 3.6335878
A12: Endocrine | B12: 7276 | C12: 4.4512095
A13: Kidney & urinary | B13: 3903 | C13: 3.4568281
A14: Reproductive & maternal | B14: 90 | C14: 4.3444444
A15: Musculoskeletal | B15: 1692 | C15: 4.6122931
... A23: All causes | B23: 183131 | C23: 3.3
A24: Notes
A25: 1. The year refers to year of registration of death. Deaths registered in 2023 are based on the preliminary version and are subject to further revision by the Australian Bureau of Statistics (ABS).
A26: 2. Cause groups and specific causes are based on the cause list used for reporting on multiple causes of death as described in the Technical notes.
A27: Source: AIHW National Mortality Database.

Sheet Table S8.4
A1: Table S8.4: Cause of death, per cent involvement by cause type, cause group and specific causes, 2023
A2: Back to contents
B3: Number of causes | D3: Role of cause (per cent)
A4: Cause group and cause name | D4: Underlying | E4: Direct | F4: Contributory
A5: Infectious | B5: 49165 | D5: 25.471372 | E5: 64.196074 | F5: 10.332554
A6: HIV/AIDS | B6: 148 | D6: 36.486486 | E6: 8.1081081 | F6: 55.405405
A7: Tuberculosis | B7: 92 | D7: 40.217391 | E7: 10.869565 | F7: 48.913043
A8: Other respiratory infections | B8: 1035 | D8: 8.9855072 | E8: 84.057971 | F8: 6.9565217
A9: Lower respiratory infections | B9: 17512 | D9: 15.509365 | E9: 78.306304 | F9: 6.1843307
A10: Influenza | B10: 568 | D10: 76.584507 | E10: 9.8591549 | F10: 13.556338
A11: Urinary tract infections | B11: 4581 | D11: 24.77625 | E11: 56.144947 | F11: 19.078804
A12: COVID-19 | B12: 6753 | D12: 74.055975 | E12: 4.3980453 | F12: 21.54598
A13: Sepsis | B13: 13726 | D13: 12.013697 | E13: 84.503861 | F13: 3.4824421
A14: Hepatitis | B14: 51 | D14: 23.529412 | E14: 25.490196 | F14: 50.980392
A15: Gastrointestinal infections | B15: 957 | D15: 41.588297 | E15: 40.020899 | F15: 18.390805
A16: Other infectious diseases | B16: 3742 | D16: 26.536611 | E16: 54.43613 | F16: 19.027258
... A18: Infant & congenital (excluding SIDS) | B18: 1910 | D18: 68.481675 | E18: 6.6492147 | F18: 24.86911
A19: Sudden infant death syndrome (SIDS) | B19: 13 | D19: 100 | E19: .. | F19: ..
